date,Bruno Arcari,Carlos Monzon,Emile Griffith,Jose Napoles,Ken Buchanan,Luis Manuel Rodriguez,Muhammad Ali,Nicolino Locche,Nino Benvenuti,Vicente Saldivar,Victor Galindez
1965-01-08,1151.91788991,1523.57448074,2184.74640489,2045.45641933,,2163.61851492,2038.24935761,1878.79548744,2069.24413812,1967.43039432,
1965-01-22,1151.91788991,1523.57448074,2184.74640489,2045.45641933,,2163.61851492,2038.24935761,1878.79548744,2074.17285526,1967.43039432,
1965-01-26,1151.91788991,1523.57448074,2141.51992947,2045.45641933,,2163.61851492,2038.24935761,1881.23809656,2074.17285526,1967.43039432,
1965-02-12,1151.91788991,1523.57448074,2141.51992947,2045.45641933,,2171.94147938,2038.24935761,1881.23809656,2077.75647335,1967.43039432,
1965-02-19,1209.17602527,1523.57448074,2141.51992947,2045.45641933,,2171.94147938,2038.24935761,1881.23809656,2077.75647335,1967.43039432,
1965-02-27,1209.17602527,1523.57448074,2141.51992947,2045.45641933,,2171.94147938,2038.24935761,1881.23809656,2085.55730494,1967.43039432,
1965-02-28,1209.17602527,1523.57448074,2141.51992947,2061.86901193,,2171.94147938,2038.24935761,1881.23809656,2085.55730494,1967.43039432,
1965-03-11,1209.17602527,1562.0340209,2141.51992947,2061.86901193,,2171.94147938,2038.24935761,1881.23809656,2085.55730494,1967.43039432,
1965-03-19,1209.17602527,1562.0340209,2141.51992947,2061.86901193,,2171.94147938,2038.24935761,1881.23809656,2086.19309319,1967.43039432,
1965-03-20,1209.17602527,1562.0340209,2141.51992947,2061.86901193,,2171.94147938,2038.24935761,1911.37486467,2086.19309319,1967.43039432,
1965-03-25,1209.17602527,1562.0340209,2141.51992947,2071.95617343,,2171.94147938,2038.24935761,1911.37486467,2086.19309319,1967.43039432,
1965-03-26,1209.17602527,1562.0340209,2141.51992947,2071.95617343,,2179.02688626,2038.24935761,1911.37486467,2086.19309319,1967.43039432,
1965-03-30,1209.17602527,1562.0340209,2154.42038496,2071.95617343,,2179.02688626,2038.24935761,1911.37486467,2086.19309319,1967.43039432,
1965-04-02,1209.17602527,1562.0340209,2154.42038496,2071.95617343,,2179.02688626,2038.24935761,1911.37486467,2093.14463612,1967.43039432,
1965-04-03,1243.7843584,1562.0340209,2154.42038496,2071.95617343,,2179.02688626,2038.24935761,1911.37486467,2093.14463612,1967.43039432,
1965-04-09,1243.7843584,1562.47124752,2154.42038496,2071.95617343,,2179.02688626,2038.24935761,1911.37486467,2093.14463612,1967.43039432,
1965-04-10,1243.7843584,1562.47124752,2154.42038496,2071.95617343,,2179.02688626,2038.24935761,1933.86067211,2093.14463612,1967.43039432,
1965-04-21,1243.7843584,1562.47124752,2154.42038496,2071.95617343,,2183.11822536,2038.24935761,1933.86067211,2093.14463612,1967.43039432,
1965-04-23,1308.27355089,1562.47124752,2154.42038496,2071.95617343,,2183.11822536,2038.24935761,1933.86067211,2093.14463612,1967.43039432,
1965-04-30,1308.27355089,1562.47124752,2154.42038496,2071.95617343,,2183.11822536,2038.24935761,1936.8827695,2095.49937545,1967.43039432,
1965-05-07,1308.27355089,1562.47124752,2154.42038496,2071.95617343,,2183.11822536,2038.24935761,1936.8827695,2095.49937545,1987.4969464,
1965-05-19,1308.27355089,1573.90867978,2154.42038496,2071.95617343,,2183.11822536,2038.24935761,1936.8827695,2095.49937545,1987.4969464,
1965-05-25,1308.27355089,1573.90867978,2154.42038496,2071.95617343,,2183.11822536,2068.88866229,1936.8827695,2095.49937545,1987.4969464,
1965-06-14,1308.27355089,1573.90867978,2158.69398587,2071.95617343,,2183.11822536,2068.88866229,1936.8827695,2095.49937545,1987.4969464,
1965-06-18,1308.27355089,1573.90867978,2158.69398587,2071.95617343,,2183.11822536,2068.88866229,1936.8827695,2116.79133894,1987.4969464,
1965-07-14,1308.27355089,1588.55085542,2158.69398587,2071.95617343,,2183.11822536,2068.88866229,1936.8827695,2116.79133894,1987.4969464,
1965-07-16,1308.27355089,1588.55085542,2158.69398587,2071.95617343,,2187.67181584,2068.88866229,1936.8827695,2116.79133894,1987.4969464,
1965-07-17,1308.27355089,1588.55085542,2158.69398587,2071.95617343,,2187.67181584,2068.88866229,1949.01934376,2116.79133894,1987.4969464,
1965-07-26,1308.27355089,1588.55085542,2158.69398587,2071.95617343,,2188.23603856,2068.88866229,1949.01934376,2116.79133894,1987.4969464,
1965-08-01,1308.27355089,1623.44688548,2158.69398587,2071.95617343,,2188.23603856,2068.88866229,1949.01934376,2116.79133894,1987.4969464,
1965-08-03,1308.27355089,1623.44688548,2158.69398587,2096.26702253,,2190.54284615,2068.88866229,1949.01934376,2116.79133894,1987.4969464,
1965-08-06,1308.27355089,1623.44688548,2158.69398587,2096.26702253,,2190.54284615,2068.88866229,1950.70293088,2116.79133894,1987.4969464,
1965-08-14,1308.27355089,1597.01487311,2158.69398587,2096.26702253,,2190.54284615,2068.88866229,1950.70293088,2116.79133894,1987.4969464,
1965-08-16,1308.27355089,1597.01487311,2158.69398587,2096.26702253,,2190.54284615,2068.88866229,1950.70293088,2117.40857183,1987.4969464,
1965-08-19,1308.27355089,1597.01487311,2113.94103267,2096.26702253,,2190.54284615,2068.88866229,1950.70293088,2117.40857183,1987.4969464,
1965-08-26,1308.27355089,1597.01487311,2113.94103267,2096.26702253,,2196.73956713,2068.88866229,1950.70293088,2117.40857183,1987.4969464,
1965-08-28,1308.27355089,1574.36614029,2113.94103267,2096.26702253,,2196.73956713,2068.88866229,1950.70293088,2117.40857183,1987.4969464,
1965-08-29,1368.24434967,1574.36614029,2113.94103267,2096.26702253,,2196.73956713,2068.88866229,1950.70293088,2117.40857183,1987.4969464,
1965-09-07,1368.24434967,1574.36614029,2113.94103267,2096.26702253,,2196.73956713,2068.88866229,1950.70293088,2117.40857183,2031.16923248,
1965-09-14,1368.24434967,1574.36614029,2119.32649144,2096.26702253,,2196.73956713,2068.88866229,1950.70293088,2117.40857183,2031.16923248,
1965-09-17,1368.24434967,1574.36614029,2119.32649144,2096.26702253,,2196.73956713,2068.88866229,1963.88937808,2117.40857183,2031.16923248,
1965-09-20,1368.24434967,1574.36614029,2119.32649144,2096.26702253,1248.73224428,2196.73956713,2068.88866229,1963.88937808,2117.40857183,2031.16923248,
1965-10-04,1368.24434967,1574.36614029,2123.630964,2096.26702253,1248.73224428,2196.73956713,2068.88866229,1963.88937808,2117.40857183,2031.16923248,
1965-10-05,1368.24434967,1574.36614029,2123.630964,2096.26702253,1248.73224428,2199.84425113,2068.88866229,1963.88937808,2117.40857183,2031.16923248,
1965-10-06,1368.24434967,1578.98725715,2123.630964,2096.26702253,1248.73224428,2199.84425113,2068.88866229,1963.88937808,2117.40857183,2031.16923248,
1965-10-15,1466.75982932,1578.98725715,2123.630964,2096.26702253,1248.73224428,2199.84425113,2068.88866229,1963.88937808,2139.40210853,2031.16923248,
1965-10-18,1466.75982932,1578.98725715,2123.630964,2096.26702253,1308.52049094,2199.84425113,2068.88866229,1963.88937808,2139.40210853,2031.16923248,
1965-11-01,1466.75982932,1578.98725715,2123.630964,2096.26702253,1348.12451122,2199.84425113,2068.88866229,1963.88937808,2139.40210853,2031.16923248,
1965-11-05,1466.75982932,1578.98725715,2123.630964,2096.26702253,1348.12451122,2199.84425113,2068.88866229,1963.88937808,2140.06135225,2031.16923248,
1965-11-15,1466.75982932,1578.98725715,2123.630964,2096.26702253,1348.12451122,2199.84425113,2068.88866229,1963.88937808,2140.5341184,2031.16923248,
1965-11-16,1466.75982932,1578.98725715,2123.630964,2096.26702253,1348.12451122,2200.21837698,2068.88866229,1963.88937808,2140.5341184,2031.16923248,
1965-11-17,1466.75982932,1624.24637958,2123.630964,2096.26702253,1348.12451122,2200.21837698,2068.88866229,1963.88937808,2140.5341184,2031.16923248,
1965-11-22,1466.75982932,1624.24637958,2123.630964,2096.26702253,1370.04664006,2200.21837698,2099.63711259,1963.88937808,2140.5341184,2031.16923248,
1965-12-02,1466.75982932,1624.24637958,2123.630964,2096.26702253,1370.04664006,2204.60492787,2099.63711259,1963.88937808,2140.5341184,2031.16923248,
1965-12-03,1521.83527444,1624.24637958,2123.630964,2096.26702253,1370.04664006,2204.60492787,2099.63711259,1963.88937808,2140.5341184,2031.16923248,
1965-12-08,1521.83527444,1675.39987268,2123.630964,2096.26702253,1370.04664006,2204.60492787,2099.63711259,1963.88937808,2140.5341184,2031.16923248,
1965-12-10,1521.83527444,1675.39987268,2137.36339709,2096.26702253,1370.04664006,2204.60492787,2099.63711259,1963.88937808,2140.5341184,2031.16923248,
1965-12-11,1521.83527444,1675.39987268,2137.36339709,2100.37321877,1370.04664006,2204.60492787,2099.63711259,1963.88937808,2140.5341184,2031.16923248,
1965-12-13,1521.83527444,1675.39987268,2137.36339709,2100.37321877,1401.73508148,2204.60492787,2099.63711259,1963.88937808,2140.5341184,2031.16923248,
1965-12-17,1521.83527444,1675.39987268,2137.36339709,2100.37321877,1401.73508148,2204.60492787,2099.63711259,1963.88937808,2157.8404972,2031.16923248,
1965-12-18,1521.83527444,1675.39987268,2137.36339709,2100.37321877,1401.73508148,2204.60492787,2099.63711259,1983.52990256,2157.8404972,2031.16923248,
1965-12-20,1521.83527444,1675.39987268,2137.36339709,2100.37321877,1401.73508148,2206.29287396,2099.63711259,1983.52990256,2157.8404972,2031.16923248,
1965-12-26,1553.46728838,1675.39987268,2137.36339709,2100.37321877,1401.73508148,2206.29287396,2099.63711259,1983.52990256,2157.8404972,2031.16923248,
1965-12-29,1553.46728838,1701.24132041,2137.36339709,2100.37321877,1401.73508148,2206.29287396,2099.63711259,1983.52990256,2157.8404972,2031.16923248,
1966-01-18,1553.46728838,1701.24132041,2137.36339709,2100.37321877,1401.73508148,2206.85012424,2099.63711259,1983.52990256,2157.8404972,2031.16923248,
1966-01-19,1571.69403332,1701.24132041,2137.36339709,2100.37321877,1401.73508148,2206.85012424,2099.63711259,1983.52990256,2157.8404972,2031.16923248,
1966-01-22,1571.69403332,1701.24132041,2137.36339709,2100.37321877,1401.73508148,2206.85012424,2099.63711259,1988.36323762,2157.8404972,2031.16923248,
1966-01-24,1571.69403332,1701.24132041,2137.36339709,2100.37321877,1438.54628703,2206.85012424,2099.63711259,1988.36323762,2157.8404972,2031.16923248,
1966-01-25,1571.69403332,1701.24132041,2137.36339709,2100.37321877,1438.54628703,2207.3720833,2099.63711259,1988.36323762,2157.8404972,2031.16923248,
1966-02-03,1571.69403332,1701.24132041,2140.11754621,2100.37321877,1438.54628703,2207.3720833,2099.63711259,1988.36323762,2157.8404972,2031.16923248,
1966-02-04,1571.69403332,1711.08546347,2140.11754621,2100.37321877,1438.54628703,2207.3720833,2099.63711259,1988.36323762,2167.5113982,2031.16923248,
1966-02-12,1571.69403332,1711.08546347,2140.11754621,2105.53076251,1438.54628703,2207.3720833,2099.63711259,1988.36323762,2167.5113982,2041.29536787,
1966-02-17,1571.69403332,1714.7136106,2140.11754621,2105.53076251,1438.54628703,2207.3720833,2099.63711259,1988.36323762,2167.5113982,2041.29536787,
1966-03-07,1571.69403332,1714.7136106,2140.11754621,2105.53076251,1456.6239416,2219.69819623,2099.63711259,1988.36323762,2167.5113982,2041.29536787,
1966-03-11,1617.39165416,1714.7136106,2140.11754621,2105.53076251,1456.6239416,2219.69819623,2099.63711259,1988.36323762,2169.55327246,2041.29536787,
1966-03-29,1617.39165416,1714.7136106,2140.11754621,2105.53076251,1456.6239416,2219.69819623,2106.86441369,1988.36323762,2169.55327246,2041.29536787,
1966-04-04,1617.39165416,1714.7136106,2140.11754621,2105.53076251,1478.20079228,2219.69819623,2106.86441369,1988.36323762,2169.55327246,2041.29536787,
1966-04-07,1617.39165416,1714.7136106,2140.11754621,2105.53076251,1478.20079228,2219.69819623,2106.86441369,2002.43429503,2169.55327246,2041.29536787,
1966-04-11,1617.39165416,1714.7136106,2140.11754621,2105.53076251,1478.20079228,2171.71089654,2106.86441369,2002.43429503,2169.55327246,2041.29536787,
1966-04-17,1617.39165416,1714.7136106,2140.11754621,2107.30070409,1478.20079228,2171.71089654,2106.86441369,2002.43429503,2169.55327246,2041.29536787,
1966-04-19,1617.39165416,1714.7136106,2140.11754621,2107.30070409,1536.54108961,2171.71089654,2106.86441369,2002.43429503,2169.55327246,2041.29536787,
1966-04-25,1617.39165416,1714.7136106,2163.3377648,2107.30070409,1536.54108961,2171.71089654,2106.86441369,2002.43429503,2169.55327246,2041.29536787,
1966-04-29,1642.75646428,1719.022662,2163.3377648,2107.30070409,1536.54108961,2171.71089654,2106.86441369,2002.43429503,2169.55327246,2041.29536787,
1966-05-07,1642.75646428,1719.022662,2163.3377648,2107.30070409,1536.54108961,2172.0788562,2106.86441369,2002.43429503,2169.55327246,2041.29536787,
1966-05-11,1642.75646428,1719.022662,2163.3377648,2107.30070409,1546.22342468,2172.0788562,2106.86441369,2002.43429503,2169.55327246,2041.29536787,
1966-05-14,1642.75646428,1719.022662,2163.3377648,2107.30070409,1546.22342468,2172.0788562,2106.86441369,2002.43429503,2177.087626,2041.29536787,
1966-05-21,1642.75646428,1719.022662,2163.3377648,2107.30070409,1546.22342468,2172.0788562,2119.53818297,2002.43429503,2177.087626,2041.29536787,
1966-06-03,1642.75646428,1683.82340038,2163.3377648,2107.30070409,1546.22342468,2172.0788562,2119.53818297,2002.43429503,2177.087626,2041.29536787,
1966-06-25,1642.75646428,1683.82340038,2163.3377648,2107.30070409,1546.22342468,2172.0788562,2119.53818297,2002.43429503,2131.40692605,2041.29536787,
1966-07-06,1642.75646428,1683.82340038,2163.3377648,2107.30070409,1546.22342468,2129.08046249,2119.53818297,2002.43429503,2131.40692605,2041.29536787,
1966-07-08,1642.75646428,1685.20348274,2163.3377648,2107.30070409,1546.22342468,2129.08046249,2119.53818297,2002.43429503,2131.40692605,2041.29536787,
1966-07-12,1642.75646428,1685.20348274,2163.3377648,2107.30070409,1556.90571924,2129.08046249,2119.53818297,2002.43429503,2131.40692605,2041.29536787,
1966-07-13,1642.75646428,1685.20348274,2177.82738448,2107.30070409,1556.90571924,2129.08046249,2119.53818297,2002.43429503,2131.40692605,2041.29536787,
1966-07-27,1642.75646428,1685.20348274,2177.82738448,2109.26264866,1556.90571924,2129.08046249,2119.53818297,2002.43429503,2131.40692605,2041.29536787,
1966-08-06,1642.75646428,1685.20348274,2177.82738448,2109.26264866,1591.96322707,2129.08046249,2128.20054414,2002.43429503,2131.40692605,2041.29536787,
1966-08-07,1642.75646428,1685.20348274,2177.82738448,2109.26264866,1591.96322707,2129.08046249,2128.20054414,2002.43429503,2131.40692605,2052.46999615,
1966-08-10,1608.35429635,1685.20348274,2177.82738448,2109.26264866,1591.96322707,2129.08046249,2128.20054414,2002.43429503,2131.40692605,2052.46999615,
1966-08-19,1608.35429635,1685.20348274,2177.82738448,2109.26264866,1591.96322707,2129.08046249,2128.20054414,2002.91553811,2131.40692605,2052.46999615,
1966-08-22,1608.35429635,1685.20348274,2177.82738448,2067.83875087,1591.96322707,2129.08046249,2128.20054414,2002.91553811,2131.40692605,2052.46999615,
1966-09-03,1608.35429635,1752.84554752,2177.82738448,2067.83875087,1591.96322707,2129.08046249,2128.20054414,2002.91553811,2131.40692605,2052.46999615,
1966-09-06,1608.35429635,1752.84554752,2177.82738448,2067.83875087,1609.2572434,2129.08046249,2128.20054414,2002.91553811,2131.40692605,2052.46999615,
1966-09-09,1608.35429635,1752.84554752,2177.82738448,2067.83875087,1609.2572434,2133.58251011,2128.20054414,2002.91553811,2131.40692605,2052.46999615,
1966-09-10,1608.35429635,1752.84554752,2177.82738448,2067.83875087,1609.2572434,2133.58251011,2148.19457227,2015.11905745,2131.40692605,2052.46999615,
1966-09-23,1608.35429635,1752.84554752,2177.82738448,2067.83875087,1609.2572434,2133.58251011,2148.19457227,2015.11905745,2134.86921981,2052.46999615,
1966-09-24,1608.35429635,1752.84554752,2177.82738448,2067.83875087,1609.2572434,2134.96618615,2148.19457227,2015.11905745,2134.86921981,2052.46999615,
1966-10-01,1608.35429635,1755.14052642,2177.82738448,2067.83875087,1609.2572434,2134.96618615,2148.19457227,2015.11905745,2134.86921981,2052.46999615,
1966-10-04,1612.50294412,1755.14052642,2177.82738448,2067.83875087,1609.2572434,2134.96618615,2148.19457227,2015.11905745,2134.86921981,2052.46999615,
1966-10-07,1612.50294412,1755.14052642,2177.82738448,2067.83875087,1609.2572434,2134.96618615,2148.19457227,2020.56314137,2134.86921981,2052.46999615,
1966-10-17,1612.50294412,1755.14052642,2177.82738448,2067.83875087,1634.42683354,2134.96618615,2148.19457227,2020.56314137,2134.86921981,2052.46999615,
1966-10-21,1634.72297897,1755.14052642,2177.82738448,2067.83875087,1634.42683354,2134.96618615,2148.19457227,2020.56314137,2140.45513276,2052.46999615,
1966-10-30,1634.72297897,1755.14052642,2177.82738448,2068.45461838,1634.42683354,2134.96618615,2148.19457227,2020.56314137,2140.45513276,2052.46999615,
1966-11-14,1634.72297897,1755.14052642,2177.82738448,2068.45461838,1634.42683354,2134.96618615,2161.79873312,2020.56314137,2140.45513276,2052.46999615,
1966-11-18,1634.72297897,1757.7271247,2177.82738448,2068.45461838,1634.42683354,2134.96618615,2161.79873312,2020.56314137,2140.45513276,2052.46999615,
1966-11-29,1634.72297897,1757.7271247,2177.82738448,2068.45461838,1660.17666025,2134.96618615,2161.79873312,2020.56314137,2140.45513276,2052.46999615,
1966-12-02,1634.72297897,1766.23977197,2177.82738448,2068.45461838,1660.17666025,2134.96618615,2161.79873312,2020.56314137,2146.25849915,2052.46999615,
1966-12-07,1676.16951342,1766.23977197,2177.82738448,2068.45461838,1660.17666025,2134.96618615,2161.79873312,2020.56314137,2146.25849915,2052.46999615,
1966-12-17,1676.16951342,1766.23977197,2177.82738448,2073.76888451,1660.17666025,2134.96618615,2161.79873312,2020.56314137,2146.25849915,2052.46999615,
1966-12-19,1676.16951342,1766.23977197,2177.82738448,2073.76888451,1681.26672755,2134.96618615,2161.79873312,2020.56314137,2146.25849915,2052.46999615,
1966-12-23,1676.16951342,1767.75470228,2177.82738448,2073.76888451,1681.26672755,2134.96618615,2161.79873312,2020.56314137,2149.68804966,2052.46999615,
1966-12-30,1676.16951342,1767.75470228,2177.82738448,2073.76888451,1681.26672755,2134.96618615,2161.79873312,2021.0420691,2149.68804966,2052.46999615,
1967-01-13,1676.16951342,1779.35700148,2177.82738448,2073.76888451,1681.26672755,2134.96618615,2161.79873312,2023.35669646,2149.68804966,2052.46999615,
1967-01-19,1676.16951342,1779.35700148,2177.82738448,2073.76888451,1681.26672755,2134.96618615,2161.79873312,2023.35669646,2150.69312912,2052.46999615,
1967-01-20,1676.16951342,1779.35700148,2177.82738448,2073.76888451,1681.26672755,2137.07978212,2161.79873312,2023.35669646,2150.69312912,2052.46999615,
1967-01-23,1676.16951342,1779.35700148,2190.66220498,2073.76888451,1684.36676803,2137.07978212,2161.79873312,2023.35669646,2150.69312912,2052.46999615,
1967-01-27,1676.16951342,1781.32640454,2190.66220498,2073.76888451,1684.36676803,2137.07978212,2161.79873312,2023.35669646,2150.69312912,2052.46999615,
1967-01-29,1676.16951342,1781.32640454,2190.66220498,2073.76888451,1684.36676803,2137.07978212,2161.79873312,2023.35669646,2150.69312912,2062.90605868,
1967-02-06,1676.16951342,1781.32640454,2190.66220498,2073.76888451,1684.36676803,2137.07978212,2179.77553531,2023.35669646,2150.69312912,2062.90605868,
1967-02-14,1676.16951342,1781.32640454,2190.66220498,2073.76888451,1707.22140591,2137.07978212,2179.77553531,2023.35669646,2150.69312912,2062.90605868,
1967-02-15,1676.16951342,1787.74852572,2190.66220498,2073.76888451,1707.22140591,2137.07978212,2179.77553531,2023.35669646,2150.69312912,2062.90605868,
1967-02-18,1676.16951342,1787.74852572,2190.66220498,2073.76888451,1707.22140591,2139.65740553,2179.77553531,2023.35669646,2150.69312912,2062.90605868,
1967-02-22,1696.39928157,1787.74852572,2190.66220498,2073.76888451,1707.22140591,2139.65740553,2179.77553531,2023.35669646,2150.69312912,2062.90605868,
1967-03-03,1696.39928157,1787.74852572,2190.66220498,2073.76888451,1707.22140591,2139.65740553,2179.77553531,2023.35669646,2153.41755466,2062.90605868,
1967-03-09,1696.39928157,1801.32066951,2190.66220498,2073.76888451,1707.22140591,2139.65740553,2179.77553531,2023.35669646,2153.41755466,2062.90605868,
1967-03-20,1696.39928157,1801.32066951,2190.66220498,2073.76888451,1707.22140591,2143.09795026,2179.77553531,2023.35669646,2153.41755466,2062.90605868,
1967-03-22,1696.39928157,1801.32066951,2190.66220498,2073.76888451,1707.22140591,2143.09795026,2196.96264421,2023.35669646,2153.41755466,2062.90605868,
1967-03-25,1696.39928157,1802.90561325,2190.66220498,2073.76888451,1707.22140591,2143.09795026,2196.96264421,2023.35669646,2153.41755466,2062.90605868,
1967-04-07,1696.39928157,1802.90561325,2190.66220498,2073.76888451,1707.22140591,2143.09795026,2196.96264421,2026.45486542,2153.41755466,2062.90605868,
1967-04-09,1696.39928157,1804.26935605,2190.66220498,2073.76888451,1707.22140591,2143.09795026,2196.96264421,2026.45486542,2153.41755466,2062.90605868,
1967-04-17,1696.39928157,1804.26935605,2162.99245566,2073.76888451,1707.22140591,2143.09795026,2196.96264421,2026.45486542,2181.08730397,2062.90605868,
1967-04-21,1696.39928157,1804.26935605,2162.99245566,2073.76888451,1707.22140591,2143.09795026,2196.96264421,2028.17074275,2181.08730397,2062.90605868,
1967-04-28,1740.40791636,1804.26935605,2162.99245566,2073.76888451,1707.22140591,2143.09795026,2196.96264421,2028.17074275,2181.08730397,2062.90605868,
1967-05-06,1740.40791636,1791.58615488,2162.99245566,2073.76888451,1707.22140591,2143.09795026,2196.96264421,2028.17074275,2181.08730397,2062.90605868,
1967-05-11,1740.40791636,1791.58615488,2162.99245566,2073.76888451,1748.11561793,2143.09795026,2196.96264421,2028.17074275,2181.08730397,2062.90605868,
1967-05-13,1740.40791636,1791.58615488,2162.99245566,2073.76888451,1748.11561793,2143.09795026,2196.96264421,2036.14578903,2181.08730397,2062.90605868,
1967-06-02,1740.40791636,1791.58615488,2162.99245566,2073.76888451,1748.11561793,2143.09795026,2196.96264421,2037.18705848,2181.08730397,2062.90605868,
1967-06-03,1758.59282789,1791.58615488,2162.99245566,2073.76888451,1748.11561793,2143.09795026,2196.96264421,2037.18705848,2181.08730397,2062.90605868,
1967-06-04,1758.59282789,1791.58615488,2162.99245566,2077.2045682,1748.11561793,2147.69074119,2196.96264421,2037.18705848,2181.08730397,2062.90605868,
1967-06-10,1758.59282789,1850.09271027,2162.99245566,2077.2045682,1748.11561793,2147.69074119,2196.96264421,2037.18705848,2181.08730397,2062.90605868,
1967-06-15,1758.59282789,1850.09271027,2162.99245566,2077.2045682,1748.11561793,2147.69074119,2196.96264421,2037.18705848,2181.08730397,2087.02085027,
1967-06-28,1758.59282789,1850.09271027,2162.99245566,2077.2045682,1758.35331543,2153.11181405,2196.96264421,2037.18705848,2181.08730397,2087.02085027,
1967-07-05,1770.31631096,1850.09271027,2162.99245566,2077.2045682,1758.35331543,2153.11181405,2196.96264421,2037.18705848,2181.08730397,2087.02085027,
1967-07-10,1770.31631096,1850.09271027,2162.99245566,2083.09644384,1758.35331543,2153.11181405,2196.96264421,2037.89428511,2181.08730397,2087.02085027,
1967-07-19,1770.31631096,1850.09271027,2162.99245566,2083.09644384,1758.35331543,2153.11181405,2196.96264421,2038.34241005,2181.08730397,2087.02085027,
1967-07-26,1770.31631096,1850.09271027,2162.99245566,2083.09644384,1792.83274393,2153.11181405,2196.96264421,2038.34241005,2181.08730397,2087.02085027,
1967-07-29,1770.31631096,1879.46008505,2162.99245566,2083.09644384,1792.83274393,2153.11181405,2196.96264421,2038.34241005,2181.08730397,2087.02085027,
1967-08-04,1770.31631096,1879.46008505,2162.99245566,2083.09644384,1792.83274393,2153.11181405,2196.96264421,2039.70495873,2181.08730397,2087.02085027,
1967-08-16,1770.31631096,1895.90870689,2162.99245566,2083.09644384,1792.83274393,2153.11181405,2196.96264421,2039.70495873,2181.08730397,2087.02085027,
1967-08-19,1770.31631096,1895.90870689,2162.99245566,2083.09644384,1792.83274393,2153.11181405,2196.96264421,2067.93621075,2181.08730397,2087.02085027,
1967-09-06,1795.06382218,1895.90870689,2162.99245566,2083.09644384,1792.83274393,2153.11181405,2196.96264421,2067.93621075,2181.08730397,2087.02085027,
1967-09-07,1795.06382218,1895.90870689,2162.99245566,2083.09644384,1792.83274393,2161.06860347,2196.96264421,2067.93621075,2181.08730397,2087.02085027,
1967-09-08,1795.06382218,1899.98098404,2162.99245566,2083.09644384,1792.83274393,2161.06860347,2196.96264421,2067.93621075,2181.08730397,2087.02085027,
1967-09-10,1795.06382218,1899.98098404,2162.99245566,2083.09644384,1792.83274393,2161.06860347,2196.96264421,2068.44604528,2181.08730397,2087.02085027,
1967-09-11,1795.06382218,1899.98098404,2162.99245566,2084.19678325,1792.83274393,2161.06860347,2196.96264421,2068.44604528,2181.08730397,2087.02085027,
1967-09-14,1795.06382218,1899.98098404,2162.99245566,2084.19678325,1806.01116176,2161.06860347,2196.96264421,2068.44604528,2181.08730397,2087.02085027,
1967-09-15,1795.06382218,1899.98098404,2162.99245566,2084.19678325,1806.01116176,2161.06860347,2196.96264421,2069.57928792,2181.08730397,2087.02085027,
1967-09-29,1795.06382218,1899.98098404,2189.29330871,2084.19678325,1806.01116176,2161.25336185,2196.96264421,2069.57928792,2154.78645092,2087.02085027,
1967-10-04,1795.06382218,1899.98098404,2189.29330871,2084.19678325,1806.01116176,2161.25336185,2196.96264421,2072.92848349,2154.78645092,2087.02085027,
1967-10-06,1795.06382218,1902.52627072,2189.29330871,2084.19678325,1806.01116176,2161.25336185,2196.96264421,2072.92848349,2154.78645092,2087.02085027,
1967-10-14,1795.06382218,1902.52627072,2189.29330871,2084.19678325,1806.01116176,2161.25336185,2196.96264421,2072.92848349,2154.78645092,2107.70842673,
1967-10-18,1795.06382218,1902.52627072,2189.29330871,2084.19678325,1806.01116176,2161.25336185,2196.96264421,2073.38404754,2154.78645092,2107.70842673,
1967-10-20,1795.06382218,1906.33957931,2189.29330871,2084.19678325,1806.01116176,2161.25336185,2196.96264421,2073.38404754,2154.78645092,2107.70842673,
1967-10-30,1795.06382218,1906.33957931,2189.29330871,2084.19678325,1819.01975179,2161.25336185,2196.96264421,2073.38404754,2154.78645092,2107.70842673,
1967-11-06,1795.06382218,1906.33957931,2189.29330871,2084.19678325,1819.01975179,2164.12503581,2196.96264421,2073.38404754,2154.78645092,2107.70842673,
1967-11-08,1795.06382218,1906.33957931,2189.29330871,2084.19678325,1819.01975179,2164.12503581,2196.96264421,2076.57788648,2154.78645092,2107.70842673,
1967-11-11,1807.72840345,1906.33957931,2189.29330871,2084.19678325,1819.01975179,2164.12503581,2196.96264421,2076.57788648,2154.78645092,2107.70842673,
1967-11-16,1807.72840345,1906.33957931,2189.29330871,2084.19678325,1819.01975179,2168.45682661,2196.96264421,2076.57788648,2154.78645092,2107.70842673,
1967-11-18,1807.72840345,1919.80936108,2189.29330871,2084.19678325,1819.01975179,2168.45682661,2196.96264421,2076.57788648,2154.78645092,2107.70842673,
1967-11-24,1807.72840345,1919.80936108,2189.29330871,2084.19678325,1819.01975179,2168.45682661,2196.96264421,2077.38471877,2154.78645092,2107.70842673,
1967-12-02,1807.72840345,1919.80936108,2189.29330871,2084.19678325,1819.01975179,2168.45682661,2196.96264421,2082.5459013,2154.78645092,2107.70842673,
1967-12-03,1807.72840345,1919.80936108,2189.29330871,2084.26901657,1819.01975179,2168.45682661,2196.96264421,2082.5459013,2154.78645092,2107.70842673,
1967-12-05,1824.16873252,1919.80936108,2189.29330871,2084.26901657,1819.01975179,2168.45682661,2196.96264421,2082.5459013,2154.78645092,2107.70842673,
1967-12-15,1824.16873252,1919.80936108,2192.0882147,2084.26901657,1819.01975179,2173.81351522,2196.96264421,2082.5459013,2154.78645092,2107.70842673,
1968-01-19,1824.16873252,1919.80936108,2192.0882147,2084.26901657,1819.01975179,2173.81351522,2196.96264421,2082.5459013,2159.77119247,2107.70842673,
1968-02-06,1824.16873252,1919.80936108,2192.0882147,2084.26901657,1819.01975179,2178.15414159,2196.96264421,2082.5459013,2159.77119247,2107.70842673,
1968-02-18,1824.16873252,1919.80936108,2192.0882147,2085.3514485,1819.01975179,2178.15414159,2196.96264421,2082.5459013,2159.77119247,2107.70842673,
1968-02-19,1824.16873252,1919.80936108,2192.0882147,2085.3514485,1877.79684186,2178.15414159,2196.96264421,2082.5459013,2159.77119247,2107.70842673,
1968-03-04,1829.08105952,1919.80936108,2164.7695013,2085.3514485,1877.79684186,2178.15414159,2196.96264421,2082.5459013,2187.08990587,2107.70842673,
1968-03-26,1829.08105952,1919.80936108,2164.7695013,2085.3514485,1877.79684186,2178.61831404,2196.96264421,2082.5459013,2187.08990587,2107.70842673,
1968-04-05,1829.08105952,1893.38236317,2164.7695013,2085.3514485,1877.79684186,2178.61831404,2196.96264421,2082.5459013,2187.08990587,2107.70842673,
1968-04-06,1834.80159303,1893.38236317,2164.7695013,2085.3514485,1877.79684186,2178.61831404,2196.96264421,2082.5459013,2187.08990587,2107.70842673,
1968-04-10,1834.80159303,1893.38236317,2164.7695013,2085.3514485,1877.79684186,2178.61831404,2196.96264421,2094.43664486,2187.08990587,2107.70842673,
1968-04-20,1834.80159303,1893.38236317,2164.7695013,2085.3514485,1877.79684186,2178.61831404,2196.96264421,2094.61755318,2187.08990587,2107.70842673,
1968-04-22,1834.80159303,1893.38236317,2164.7695013,2085.3514485,1886.09090823,2178.61831404,2196.96264421,2094.61755318,2187.08990587,2107.70842673,
1968-04-29,1834.80159303,1893.38236317,2164.7695013,2088.05806948,1886.09090823,2178.61831404,2196.96264421,2094.61755318,2187.08990587,2107.70842673,
1968-05-07,1864.35005836,1893.38236317,2164.7695013,2088.05806948,1886.09090823,2180.57551882,2196.96264421,2094.61755318,2187.08990587,2107.70842673,
1968-05-11,1864.35005836,1893.38236317,2164.7695013,2088.05806948,1886.09090823,2180.57551882,2196.96264421,2105.01889919,2187.08990587,2107.70842673,
1968-05-17,1864.35005836,1896.06951149,2164.7695013,2088.05806948,1886.09090823,2180.57551882,2196.96264421,2105.01889919,2187.08990587,2107.70842673,
1968-06-02,1864.35005836,1896.06951149,2164.7695013,2092.79836691,1886.09090823,2180.57551882,2196.96264421,2105.01889919,2187.08990587,2107.70842673,
1968-06-03,1864.35005836,1896.06951149,2164.7695013,2092.79836691,1886.09090823,2131.71076689,2196.96264421,2105.01889919,2187.08990587,2107.70842673,
1968-06-07,1864.35005836,1896.06951149,2164.7695013,2092.79836691,1886.09090823,2131.71076689,2196.96264421,2105.01889919,2187.86849194,2107.70842673,
1968-06-08,1864.35005836,1896.06951149,2164.7695013,2092.79836691,1886.09090823,2131.71076689,2196.96264421,2107.49809682,2187.86849194,2107.70842673,
1968-06-10,1864.35005836,1896.06951149,2164.7695013,2092.79836691,1896.29184062,2131.71076689,2196.96264421,2107.49809682,2187.86849194,2107.70842673,
1968-06-11,1864.35005836,1896.06951149,2172.17840617,2092.79836691,1896.29184062,2131.71076689,2196.96264421,2107.49809682,2187.86849194,2107.70842673,
1968-06-14,1864.35005836,1896.06951149,2172.17840617,2095.39041716,1896.29184062,2131.71076689,2196.96264421,2107.49809682,2187.86849194,2107.70842673,
1968-06-19,1873.73877177,1896.06951149,2172.17840617,2095.39041716,1896.29184062,2131.71076689,2196.96264421,2107.49809682,2187.86849194,2107.70842673,
1968-06-20,1873.73877177,1908.78547738,2172.17840617,2095.39041716,1896.29184062,2131.71076689,2196.96264421,2107.49809682,2187.86849194,2107.70842673,
1968-07-05,1873.73877177,1909.55815972,2172.17840617,2095.39041716,1896.29184062,2131.71076689,2196.96264421,2107.49809682,2188.54918344,2107.70842673,
1968-07-12,1873.73877177,1909.55815972,2172.17840617,2095.39041716,1896.29184062,2131.71076689,2196.96264421,2109.83692894,2188.54918344,2107.70842673,
1968-07-15,1873.73877177,1909.55815972,2172.17840617,2104.33808926,1896.29184062,2131.71076689,2196.96264421,2109.83692894,2188.54918344,2107.70842673,
1968-07-18,1873.73877177,1909.55815972,2172.17840617,2104.33808926,1896.29184062,2133.95232461,2196.96264421,2109.83692894,2188.54918344,2107.70842673,
1968-08-02,1873.73877177,1909.55815972,2172.17840617,2104.33808926,1896.29184062,2133.95232461,2196.96264421,2110.52619822,2188.54918344,2107.70842673,
1968-08-06,1873.73877177,1909.55815972,2180.1344907,2104.33808926,1896.29184062,2133.95232461,2196.96264421,2110.52619822,2188.54918344,2107.70842673,
1968-08-14,1873.73877177,1923.66084506,2180.1344907,2104.33808926,1896.29184062,2133.95232461,2196.96264421,2110.52619822,2188.54918344,2107.70842673,
1968-08-16,1873.73877177,1923.66084506,2180.1344907,2104.33808926,1896.29184062,2133.95232461,2196.96264421,2110.81359272,2188.54918344,2107.70842673,
1968-08-21,1888.72490638,1923.66084506,2180.1344907,2104.33808926,1896.29184062,2133.95232461,2196.96264421,2110.81359272,2188.54918344,2107.70842673,
1968-09-04,1888.72490638,1923.66084506,2180.1344907,2104.33808926,1896.29184062,2134.41527637,2196.96264421,2110.81359272,2188.54918344,2107.70842673,
1968-09-13,1888.72490638,1923.66084506,2180.1344907,2104.33808926,1896.29184062,2134.41527637,2196.96264421,2112.3566659,2188.54918344,2107.70842673,
1968-09-17,1888.72490638,1923.66084506,2180.1344907,2104.33808926,1896.29184062,2134.41527637,2196.96264421,2112.3566659,2191.02755951,2107.70842673,
1968-10-05,1889.95407031,1923.66084506,2180.1344907,2104.33808926,1896.29184062,2134.41527637,2196.96264421,2112.3566659,2191.02755951,2107.70842673,
1968-10-12,1889.95407031,1923.66084506,2180.1344907,2104.33808926,1896.29184062,2134.41527637,2196.96264421,2087.89997741,2191.02755951,2107.70842673,
1968-10-14,1889.95407031,1923.66084506,2180.1344907,2104.33808926,1896.29184062,2134.41527637,2196.96264421,2087.89997741,2167.69386775,2107.70842673,
1968-10-23,1889.95407031,1938.40031377,2180.1344907,2104.33808926,1923.38443304,2134.41527637,2196.96264421,2087.89997741,2167.69386775,2107.70842673,
1968-10-29,1889.95407031,1938.40031377,2136.75972376,2104.33808926,1923.38443304,2134.41527637,2196.96264421,2087.89997741,2167.69386775,2107.70842673,
1968-11-04,1889.95407031,1938.40031377,2136.75972376,2107.20118242,1923.38443304,2134.41527637,2196.96264421,2087.89997741,2167.69386775,2107.70842673,
1968-11-15,1889.95407031,1938.40031377,2136.75972376,2107.20118242,1923.38443304,2140.60156348,2196.96264421,2087.89997741,2167.69386775,2107.70842673,
1968-11-22,1899.22939532,1938.40031377,2136.75972376,2107.20118242,1923.38443304,2140.60156348,2196.96264421,2087.89997741,2167.69386775,2107.70842673,
1968-12-07,1899.22939532,1945.03207561,2136.75972376,2107.20118242,1923.38443304,2140.60156348,2196.96264421,2087.89997741,2167.69386775,2107.70842673,
1968-12-11,1899.22939532,1945.03207561,2136.75972376,2107.20118242,1926.55944144,2140.60156348,2196.96264421,2087.89997741,2167.69386775,2107.70842673,
1968-12-12,1899.22939532,1945.03207561,2136.75972376,2107.20118242,1926.55944144,2140.60156348,2196.96264421,2098.30929734,2167.69386775,2107.70842673,
1968-12-14,1905.49638256,1945.03207561,2136.75972376,2107.20118242,1926.55944144,2140.60156348,2196.96264421,2098.30929734,2180.00178219,2107.70842673,
1968-12-20,1905.49638256,1952.02500664,2136.75972376,2107.20118242,1926.55944144,2140.60156348,2196.96264421,2098.30929734,2180.00178219,2107.70842673,
1968-12-22,1905.49638256,1952.02500664,2136.75972376,2111.80233391,1926.55944144,2140.60156348,2196.96264421,2098.30929734,2180.00178219,2107.70842673,
1969-01-02,1905.49638256,1952.02500664,2136.75972376,2111.80233391,1955.90123367,2140.60156348,2196.96264421,2098.30929734,2180.00178219,2107.70842673,
1969-01-10,1905.49638256,1954.58664612,2136.75972376,2111.80233391,1955.90123367,2140.60156348,2196.96264421,2098.30929734,2180.00178219,2107.70842673,
1969-01-21,1905.49638256,1954.58664612,2136.75972376,2111.80233391,1955.90123367,2142.64637087,2196.96264421,2098.30929734,2180.00178219,2107.70842673,
1969-01-24,1945.37343614,1954.58664612,2136.75972376,2111.80233391,1955.90123367,2142.64637087,2196.96264421,2098.30929734,2180.00178219,2107.70842673,
1969-02-03,1945.37343614,1954.58664612,2145.51230203,2111.80233391,1955.90123367,2142.64637087,2196.96264421,2098.30929734,2180.00178219,2107.70842673,
1969-02-15,1945.37343614,1954.58664612,2145.51230203,2116.38346106,1955.90123367,2142.64637087,2196.96264421,2098.30929734,2180.00178219,2107.70842673,
1969-02-17,1945.37343614,1954.58664612,2145.51230203,2116.38346106,1957.26842291,2142.64637087,2196.96264421,2098.30929734,2180.00178219,2107.70842673,
1969-02-20,1945.37343614,1954.58664612,2145.51230203,2116.38346106,1957.26842291,2144.00047885,2196.96264421,2098.30929734,2180.00178219,2107.70842673,
1969-03-05,1945.37343614,1954.58664612,2145.51230203,2116.38346106,1968.66292317,2144.00047885,2196.96264421,2098.30929734,2180.00178219,2107.70842673,
1969-03-13,1949.6008817,1954.58664612,2145.51230203,2116.38346106,1968.66292317,2144.00047885,2196.96264421,2098.30929734,2180.00178219,2107.70842673,
1969-03-14,1949.6008817,1955.54823728,2145.51230203,2116.38346106,1968.66292317,2144.00047885,2196.96264421,2098.30929734,2180.00178219,2107.70842673,
1969-03-31,1949.6008817,1955.54823728,2145.51230203,2116.38346106,1968.66292317,2150.68727203,2196.96264421,2098.30929734,2180.00178219,2107.70842673,
1969-04-03,1949.6008817,1955.54823728,2145.51230203,2116.38346106,1968.66292317,2150.68727203,2196.96264421,2099.31091595,2180.00178219,2107.70842673,
1969-04-18,1949.6008817,1955.54823728,2145.51230203,2141.50408262,1968.66292317,2150.68727203,2196.96264421,2099.31091595,2180.00178219,2107.70842673,
1969-04-25,1949.6008817,1921.00746735,2145.51230203,2141.50408262,1968.66292317,2150.68727203,2196.96264421,2099.31091595,2180.00178219,2107.70842673,
1969-05-03,1949.6008817,1921.00746735,2145.51230203,2141.50408262,1968.66292317,2150.68727203,2196.96264421,2110.1144644,2180.00178219,2107.70842673,
1969-05-10,1949.6008817,1921.00746735,2145.51230203,2141.50408262,1968.66292317,2150.68727203,2196.96264421,2110.1144644,2180.00178219,2107.70842673,1239.57538416
1969-05-12,1949.6008817,1921.00746735,2154.67844696,2141.50408262,1968.66292317,2150.68727203,2196.96264421,2110.1144644,2180.00178219,2107.70842673,1239.57538416
1969-05-26,1949.6008817,1921.00746735,2154.67844696,2141.50408262,1968.66292317,2150.68727203,2196.96264421,2110.1144644,2144.24781642,2107.70842673,1239.57538416
1969-06-06,1949.6008817,1925.60650342,2154.67844696,2141.50408262,1968.66292317,2150.68727203,2196.96264421,2110.1144644,2144.24781642,2107.70842673,1239.57538416
1969-06-11,1952.872351,1925.60650342,2154.67844696,2141.50408262,1968.66292317,2150.68727203,2196.96264421,2110.1144644,2144.24781642,2107.70842673,1239.57538416
1969-06-28,1952.872351,1925.60650342,2154.67844696,2141.50408262,1968.66292317,2150.68727203,2196.96264421,2110.1144644,2144.24781642,2107.70842673,1271.6282924
1969-06-29,1952.872351,1925.60650342,2154.67844696,2163.03214013,1968.66292317,2150.68727203,2196.96264421,2110.1144644,2144.24781642,2107.70842673,1271.6282924
1969-07-05,1953.37675648,1946.87411617,2154.67844696,2163.03214013,1968.66292317,2150.68727203,2196.96264421,2110.1144644,2144.24781642,2107.70842673,1271.6282924
1969-07-08,1953.37675648,1946.87411617,2154.67844696,2163.03214013,1968.66292317,2151.5183239,2196.96264421,2110.1144644,2144.24781642,2107.70842673,1271.6282924
1969-07-11,1953.37675648,1946.87411617,2157.71695466,2163.03214013,1968.66292317,2151.5183239,2196.96264421,2110.1144644,2144.24781642,2107.70842673,1271.6282924
1969-07-14,1953.37675648,1946.87411617,2157.71695466,2163.03214013,1971.55614983,2151.5183239,2196.96264421,2110.1144644,2144.24781642,2107.70842673,1271.6282924
1969-07-18,1953.37675648,1946.87411617,2157.71695466,2163.03214013,1971.55614983,2151.5183239,2196.96264421,2110.1144644,2144.24781642,2128.42224514,1271.6282924
1969-08-02,1953.37675648,1946.87411617,2157.71695466,2163.03214013,1971.55614983,2151.5183239,2196.96264421,2114.16291416,2144.24781642,2128.42224514,1271.6282924
1969-08-09,1953.37675648,1952.22064478,2157.71695466,2163.03214013,1971.55614983,2151.5183239,2196.96264421,2114.16291416,2144.24781642,2128.42224514,1271.6282924
1969-08-12,1953.37675648,1952.22064478,2157.71695466,2163.03214013,1971.55614983,2152.2033831,2196.96264421,2114.16291416,2144.24781642,2128.42224514,1271.6282924
1969-08-13,1992.11184158,1952.22064478,2157.71695466,2163.03214013,1971.55614983,2152.2033831,2196.96264421,2114.16291416,2144.24781642,2128.42224514,1271.6282924
1969-08-15,1992.11184158,1952.22064478,2160.25505084,2163.03214013,1971.55614983,2152.2033831,2196.96264421,2114.16291416,2144.24781642,2128.42224514,1271.6282924
1969-08-16,1992.11184158,1952.22064478,2160.25505084,2163.03214013,1971.55614983,2152.2033831,2196.96264421,2114.16291416,2144.24781642,2128.42224514,1291.03257037
1969-08-22,1992.11184158,1952.22064478,2160.25505084,2163.03214013,1971.55614983,2152.2033831,2196.96264421,2114.69728486,2144.24781642,2128.42224514,1291.03257037
1969-09-05,1992.11184158,1954.31148226,2160.25505084,2163.03214013,1971.55614983,2152.2033831,2196.96264421,2114.69728486,2144.24781642,2128.42224514,1291.03257037
1969-09-23,1992.11184158,1954.31148226,2160.25505084,2163.03214013,1971.55614983,2153.31923785,2196.96264421,2114.69728486,2144.24781642,2128.42224514,1291.03257037
1969-09-27,1992.11184158,1958.04951584,2160.25505084,2163.03214013,1971.55614983,2153.31923785,2196.96264421,2114.69728486,2144.24781642,2128.42224514,1291.03257037
1969-10-04,1993.14791008,1958.04951584,2160.25505084,2163.03214013,1971.55614983,2153.31923785,2196.96264421,2114.69728486,2146.94495631,2128.42224514,1291.03257037
1969-10-11,1993.14791008,1958.04951584,2160.25505084,2163.03214013,1971.55614983,2153.31923785,2196.96264421,2126.32189245,2146.94495631,2128.42224514,1291.03257037
1969-10-17,1993.14791008,1958.04951584,2135.45487422,2187.83231675,1971.55614983,2153.31923785,2196.96264421,2126.32189245,2146.94495631,2128.42224514,1291.03257037
1969-11-11,1993.14791008,1958.04951584,2135.45487422,2187.83231675,1983.24361456,2153.31923785,2196.96264421,2126.32189245,2146.94495631,2128.42224514,1291.03257037
1969-11-22,1993.14791008,1958.04951584,2135.45487422,2187.83231675,1983.24361456,2127.86062288,2196.96264421,2126.32189245,2172.40357129,2128.42224514,1291.03257037
1969-12-01,2002.15369395,1958.04951584,2135.45487422,2187.83231675,1983.24361456,2127.86062288,2196.96264421,2126.32189245,2172.40357129,2128.42224514,1291.03257037
1969-12-12,2002.15369395,1961.13271913,2135.45487422,2187.83231675,1983.24361456,2127.86062288,2196.96264421,2126.32189245,2172.40357129,2128.42224514,1291.03257037
1969-12-19,2003.65119321,1961.13271913,2135.45487422,2187.83231675,1983.24361456,2127.86062288,2196.96264421,2126.32189245,2172.40357129,2128.42224514,1291.03257037
1970-01-17,2003.65119321,1961.13271913,2135.45487422,2187.83231675,1983.24361456,2127.86062288,2196.96264421,2126.32189245,2172.40357129,2128.42224514,1367.62067915
1970-01-28,2003.65119321,1961.13271913,2140.46505275,2187.83231675,1983.24361456,2127.86062288,2196.96264421,2126.32189245,2172.40357129,2128.42224514,1367.62067915
1970-01-29,2003.65119321,1961.13271913,2140.46505275,2187.83231675,1931.27262505,2127.86062288,2196.96264421,2126.32189245,2172.40357129,2128.42224514,1367.62067915
1970-01-31,2015.88501237,1961.13271913,2140.46505275,2187.83231675,1931.27262505,2127.86062288,2196.96264421,2126.32189245,2172.40357129,2128.42224514,1367.62067915
1970-02-10,2015.88501237,1961.13271913,2140.46505275,2187.83231675,1931.27262505,2130.65329199,2196.96264421,2126.32189245,2172.40357129,2128.42224514,1367.62067915
1970-02-11,2015.88501237,1973.62184192,2140.46505275,2187.83231675,1931.27262505,2130.65329199,2196.96264421,2126.32189245,2172.40357129,2128.42224514,1367.62067915
1970-02-14,2015.88501237,1973.62184192,2140.46505275,2195.81679293,1931.27262505,2130.65329199,2196.96264421,2126.32189245,2172.40357129,2128.42224514,1367.62067915
1970-02-23,2015.88501237,1973.62184192,2140.46505275,2195.81679293,1942.76815204,2130.65329199,2196.96264421,2126.32189245,2172.40357129,2128.42224514,1367.62067915
1970-03-07,2015.88501237,1979.56327198,2140.46505275,2195.81679293,1942.76815204,2130.65329199,2196.96264421,2126.32189245,2172.40357129,2128.42224514,1367.62067915
1970-03-11,2015.88501237,1979.56327198,2143.61310497,2195.81679293,1942.76815204,2130.65329199,2196.96264421,2126.32189245,2172.40357129,2128.42224514,1367.62067915
1970-03-13,2015.88501237,1979.56327198,2143.61310497,2195.81679293,1942.76815204,2130.65329199,2196.96264421,2126.32189245,2123.23870897,2128.42224514,1422.55428456
1970-03-17,2015.88501237,1979.56327198,2143.61310497,2195.81679293,1942.76815204,2132.62073636,2196.96264421,2126.32189245,2123.23870897,2128.42224514,1422.55428456
1970-04-03,2015.88501237,1979.56327198,2143.61310497,2195.81679293,1942.76815204,2132.62073636,2196.96264421,2126.62406954,2123.23870897,2128.42224514,1422.55428456
1970-04-06,2015.88501237,1979.56327198,2143.61310497,2195.81679293,1952.762323,2132.62073636,2196.96264421,2126.62406954,2123.23870897,2128.42224514,1422.55428456
1970-04-08,2015.88501237,1979.56327198,2143.61310497,2195.81679293,1952.762323,2132.62073636,2196.96264421,2126.62406954,2123.23870897,2128.42224514,1389.03950401
1970-04-10,2027.89169193,1979.56327198,2143.61310497,2195.81679293,1952.762323,2132.62073636,2196.96264421,2126.62406954,2123.23870897,2128.42224514,1389.03950401
1970-04-14,2027.89169193,1979.56327198,2143.61310497,2195.81679293,1952.762323,2136.22263888,2196.96264421,2126.62406954,2123.23870897,2128.42224514,1389.03950401
1970-04-18,2027.89169193,1982.26535671,2143.61310497,2195.81679293,1952.762323,2136.22263888,2196.96264421,2126.97196433,2123.23870897,2128.42224514,1389.03950401
1970-05-09,2027.89169193,1982.26535671,2143.61310497,2195.81679293,1952.762323,2136.22263888,2196.96264421,2126.97196433,2123.23870897,2149.35149958,1414.23526367
1970-05-12,2027.89169193,1982.26535671,2143.61310497,2195.81679293,1959.82682744,2136.22263888,2196.96264421,2126.97196433,2123.23870897,2149.35149958,1414.23526367
1970-05-16,2027.89169193,1982.26535671,2143.61310497,2195.81679293,1959.82682744,2136.22263888,2196.96264421,2141.03683756,2123.23870897,2149.35149958,1414.23526367
1970-05-20,2027.89169193,1982.26535671,2143.61310497,2195.81679293,1959.82682744,2136.22263888,2196.96264421,2141.03683756,2123.23870897,2149.35149958,1446.60610322
1970-05-23,2027.89169193,1982.26535671,2143.61310497,2195.81679293,1959.82682744,2136.22263888,2196.96264421,2141.03683756,2125.14812165,2149.35149958,1446.60610322
1970-06-04,2027.89169193,1982.26535671,2164.92209761,2195.81679293,1959.82682744,2136.22263888,2196.96264421,2141.03683756,2125.14812165,2149.35149958,1446.60610322
1970-06-05,2028.30156225,1982.26535671,2164.92209761,2195.81679293,1959.82682744,2136.22263888,2196.96264421,2141.03683756,2125.14812165,2149.35149958,1446.60610322
1970-06-24,2028.30156225,1982.26535671,2164.92209761,2195.81679293,1959.82682744,2136.22263888,2196.96264421,2141.03683756,2125.14812165,2149.35149958,1460.31056863
1970-06-27,2028.30156225,1982.26535671,2164.92209761,2195.81679293,1959.82682744,2138.22395714,2196.96264421,2141.03683756,2125.14812165,2149.35149958,1460.31056863
1970-07-10,2042.99009221,1982.26535671,2164.92209761,2195.81679293,1959.82682744,2138.22395714,2196.96264421,2141.03683756,2125.14812165,2149.35149958,1460.31056863
1970-07-15,2042.99009221,1982.26535671,2182.63975421,2195.81679293,1959.82682744,2138.22395714,2196.96264421,2141.03683756,2125.14812165,2149.35149958,1460.31056863
1970-07-18,2042.99009221,2012.8713593,2182.63975421,2195.81679293,1959.82682744,2138.22395714,2196.96264421,2141.03683756,2125.14812165,2149.35149958,1460.31056863
1970-07-22,2042.99009221,2012.8713593,2182.63975421,2195.81679293,1959.82682744,2138.22395714,2196.96264421,2141.03683756,2125.14812165,2149.35149958,1541.44994358
1970-07-31,2042.99009221,2012.8713593,2182.63975421,2195.81679293,1959.82682744,2090.98731653,2196.96264421,2141.03683756,2125.14812165,2149.35149958,1541.44994358
1970-08-14,2042.99009221,2012.8713593,2182.63975421,2197.20391152,1959.82682744,2090.98731653,2196.96264421,2141.03683756,2125.14812165,2149.35149958,1540.65183865
1970-08-20,2042.99009221,2012.8713593,2182.63975421,2197.20391152,1959.82682744,2094.84704003,2196.96264421,2141.03683756,2125.14812165,2149.35149958,1540.65183865
1970-09-12,2042.99009221,2012.8713593,2182.63975421,2197.20391152,1959.82682744,2094.84704003,2196.96264421,2141.03683756,2130.78940106,2149.35149958,1540.65183865
1970-09-18,2042.99009221,2012.8713593,2182.63975421,2197.20391152,1959.82682744,2094.84704003,2196.96264421,2141.03683756,2130.78940106,2149.35149958,1502.52595611
1970-09-19,2042.99009221,2014.58366589,2182.63975421,2197.20391152,1959.82682744,2094.84704003,2196.96264421,2141.03683756,2130.78940106,2149.35149958,1502.52595611
1970-09-24,2042.99009221,2014.58366589,2182.63975421,2197.20391152,1959.82682744,2099.91983661,2196.96264421,2141.03683756,2130.78940106,2149.35149958,1502.52595611
1970-09-26,2042.99009221,2014.58366589,2182.63975421,2197.20391152,2011.09221492,2099.91983661,2196.96264421,2141.03683756,2130.78940106,2149.35149958,1502.52595611
1970-09-28,2043.41356402,2014.58366589,2182.63975421,2197.20391152,2011.09221492,2099.91983661,2196.96264421,2141.03683756,2130.78940106,2149.35149958,1502.52595611
1970-10-05,2043.41356402,2014.58366589,2182.63975421,2202.52352023,2011.09221492,2099.91983661,2196.96264421,2141.03683756,2130.78940106,2149.35149958,1502.52595611
1970-10-17,2043.41356402,2014.58366589,2183.10350057,2202.52352023,2011.09221492,2099.91983661,2196.96264421,2141.03683756,2130.78940106,2149.35149958,1502.52595611
1970-10-26,2043.41356402,2014.58366589,2183.10350057,2202.52352023,2011.09221492,2099.91983661,2206.03309908,2141.03683756,2130.78940106,2149.35149958,1502.52595611
1970-10-30,2046.7093729,2014.58366589,2183.10350057,2202.52352023,2011.09221492,2099.91983661,2206.03309908,2141.03683756,2130.78940106,2149.35149958,1502.52595611
1970-11-07,2046.7093729,2047.64688685,2183.10350057,2202.52352023,2011.09221492,2099.91983661,2206.03309908,2141.03683756,2097.7261801,2149.35149958,1502.52595611
1970-11-10,2046.7093729,2047.64688685,2187.93725707,2202.52352023,2011.09221492,2099.91983661,2206.03309908,2141.03683756,2097.7261801,2149.35149958,1502.52595611
1970-11-28,2046.7093729,2047.64688685,2187.93725707,2202.52352023,2011.09221492,2099.91983661,2206.03309908,2141.03683756,2097.7261801,2149.35149958,1485.54443671
1970-12-01,2046.7093729,2047.64688685,2187.93725707,2202.52352023,2011.09221492,2100.2390951,2206.03309908,2141.03683756,2097.7261801,2149.35149958,1485.54443671
1970-12-03,2046.7093729,2047.64688685,2187.93725707,2157.06597076,2011.09221492,2100.2390951,2206.03309908,2141.03683756,2097.7261801,2149.35149958,1485.54443671
1970-12-07,2046.7093729,2047.64688685,2187.93725707,2157.06597076,2024.88529419,2100.2390951,2215.64070275,2141.03683756,2097.7261801,2149.35149958,1485.54443671
1970-12-11,2046.7093729,2047.64688685,2187.93725707,2157.06597076,2024.88529419,2100.2390951,2215.64070275,2141.03683756,2097.7261801,2104.43996382,1485.54443671
1970-12-19,2046.7093729,2049.06571428,2187.93725707,2157.06597076,2024.88529419,2100.2390951,2215.64070275,2141.03683756,2097.7261801,2104.43996382,1485.54443671
1970-12-26,2048.15794291,2049.06571428,2187.93725707,2157.06597076,2024.88529419,2100.2390951,2215.64070275,2141.03683756,2097.7261801,2104.43996382,1485.54443671
1971-01-09,2048.15794291,2049.06571428,2187.93725707,2157.06597076,2024.88529419,2100.2390951,2215.64070275,2141.03683756,2097.7261801,2104.43996382,1566.14314379
1971-01-26,2048.15794291,2049.06571428,2187.93725707,2157.06597076,2024.88529419,2103.67357273,2215.64070275,2141.03683756,2097.7261801,2104.43996382,1566.14314379
1971-02-12,2048.15794291,2049.06571428,2187.93725707,2157.06597076,2038.36622617,2103.67357273,2215.64070275,2141.03683756,2097.7261801,2104.43996382,1566.14314379
1971-02-14,2048.15794291,2049.06571428,2187.93725707,2157.06597076,2038.36622617,2103.67357273,2215.64070275,2143.17721386,2097.7261801,2104.43996382,1566.14314379
1971-02-19,2048.15794291,2049.41314563,2187.93725707,2157.06597076,2038.36622617,2103.67357273,2215.64070275,2143.17721386,2097.7261801,2104.43996382,1566.14314379
1971-03-05,2048.15794291,2049.41314563,2188.01318875,2157.06597076,2038.36622617,2103.67357273,2215.64070275,2143.17721386,2097.7261801,2104.43996382,1566.14314379
1971-03-06,2066.02266416,2051.75783189,2188.01318875,2157.06597076,2038.36622617,2103.67357273,2215.64070275,2143.17721386,2097.7261801,2104.43996382,1566.14314379
1971-03-08,2066.02266416,2051.75783189,2188.01318875,2157.06597076,2038.36622617,2103.67357273,2180.1065662,2143.17721386,2097.7261801,2104.43996382,1566.14314379
1971-03-10,2066.02266416,2051.75783189,2188.01318875,2157.06597076,2038.36622617,2103.67357273,2180.1065662,2143.42266559,2097.7261801,2104.43996382,1566.14314379
1971-03-17,2066.02266416,2051.75783189,2188.01318875,2157.06597076,2038.36622617,2103.67357273,2180.1065662,2143.42266559,2049.77250267,2104.43996382,1566.14314379
1971-03-23,2066.02266416,2051.75783189,2195.26781439,2157.06597076,2038.36622617,2103.67357273,2180.1065662,2143.42266559,2049.77250267,2104.43996382,1566.14314379
1971-03-27,2066.02266416,2051.75783189,2195.26781439,2162.82948239,2038.36622617,2103.67357273,2180.1065662,2143.42266559,2049.77250267,2104.43996382,1566.14314379
1971-04-03,2066.02266416,2051.75783189,2195.26781439,2162.82948239,2038.36622617,2103.67357273,2180.1065662,2147.52503058,2049.77250267,2104.43996382,1566.14314379
1971-04-07,2066.02266416,2051.75783189,2195.26781439,2162.82948239,2038.36622617,2107.32104895,2180.1065662,2147.52503058,2049.77250267,2104.43996382,1550.43915528
1971-05-03,2066.02266416,2051.75783189,2203.84509982,2162.82948239,2038.36622617,2107.32104895,2180.1065662,2147.52503058,2049.77250267,2104.43996382,1550.43915528
1971-05-08,2066.02266416,2076.61497753,2203.84509982,2162.82948239,2038.36622617,2107.32104895,2180.1065662,2147.52503058,2024.91535704,2104.43996382,1550.43915528
1971-05-11,2066.02266416,2076.61497753,2203.84509982,2162.82948239,2054.2073545,2107.32104895,2180.1065662,2147.52503058,,2104.43996382,1550.43915528
1971-05-19,2067.00618327,2076.61497753,2203.84509982,2162.82948239,2054.2073545,2107.32104895,2180.1065662,2147.52503058,,2104.43996382,1550.43915528
1971-05-24,2067.00618327,2076.61497753,2203.84509982,2162.82948239,2054.2073545,2107.32104895,2180.1065662,2147.52503058,,2104.43996382,1529.87681501
1971-05-25,2067.00618327,2076.61497753,2203.84509982,2162.82948239,2054.2073545,2063.31141106,2180.1065662,2147.52503058,,2104.43996382,1529.87681501
1971-06-04,2067.00618327,2076.61497753,2203.84509982,2171.95658778,2054.2073545,2063.31141106,2180.1065662,2147.52503058,,2104.43996382,1529.87681501
1971-06-12,2067.00618327,2076.61497753,2203.84509982,2171.95658778,2054.2073545,2063.31141106,2180.1065662,2147.52503058,,2104.43996382,1521.0503646
1971-06-26,2071.61254901,2076.61497753,2203.84509982,2171.95658778,2054.2073545,2063.31141106,2180.1065662,2147.52503058,,2104.43996382,1521.0503646
1971-07-15,2071.61254901,2076.61497753,2203.84509982,2171.95658778,2054.2073545,2063.31141106,2180.1065662,2147.52503058,,2109.52363801,1521.0503646
1971-07-26,2071.61254901,2076.61497753,2208.4665556,2171.95658778,2054.2073545,2063.31141106,2193.06931941,2147.52503058,,2109.52363801,1521.0503646
1971-07-29,2073.145748,2076.61497753,2208.4665556,2171.95658778,2054.2073545,2063.31141106,2193.06931941,2147.52503058,,2109.52363801,1521.0503646
1971-07-31,2073.145748,2076.61497753,2208.4665556,2173.88349547,2054.2073545,2063.31141106,2193.06931941,2147.52503058,,2109.52363801,1579.49199444
1971-08-03,2073.145748,2076.61497753,2208.4665556,2173.88349547,2054.2073545,2028.88825596,2193.06931941,2147.52503058,,2109.52363801,1579.49199444
1971-08-23,2073.145748,2076.61497753,2208.4665556,2175.95382479,2054.2073545,2028.88825596,2193.06931941,2147.52503058,,2109.52363801,1579.49199444
1971-09-11,2073.145748,2076.61497753,2208.4665556,2175.95382479,2054.2073545,2028.88825596,2193.06931941,2147.52503058,,2109.52363801,1545.16108138
1971-09-13,2073.145748,2076.61497753,2208.4665556,2175.95382479,2077.57836869,2028.88825596,2193.06931941,2147.52503058,,2109.52363801,1545.16108138
1971-09-25,2073.145748,2110.67179254,2174.40974059,2175.95382479,2077.57836869,2028.88825596,2193.06931941,2147.52503058,,2109.52363801,1545.16108138
1971-10-09,2078.98384604,2110.67179254,2174.40974059,2175.95382479,2077.57836869,2028.88825596,2193.06931941,2147.52503058,,2109.52363801,1545.16108138
1971-10-16,2078.98384604,2110.67179254,2174.40974059,2177.71210041,2077.57836869,2028.88825596,2193.06931941,2147.52503058,,2109.52363801,1545.16108138
1971-10-29,2078.98384604,2110.67179254,2174.40974059,2177.71210041,2077.57836869,2028.88825596,2193.06931941,2148.00196667,,2109.52363801,1545.16108138
1971-10-30,2078.98384604,2110.67179254,2174.40974059,2177.71210041,2077.57836869,2028.88825596,2193.06931941,2148.00196667,,2109.52363801,1597.96082899
1971-11-01,2078.98384604,2110.67179254,2174.40974059,2177.71210041,2077.57836869,2029.19740537,2193.06931941,2148.00196667,,2109.52363801,1597.96082899
1971-11-13,2078.98384604,2110.67179254,2174.40974059,2177.71210041,2077.57836869,2029.19740537,2193.06931941,2151.83036932,,2109.52363801,1597.96082899
1971-11-17,2078.98384604,2110.67179254,2174.40974059,2177.71210041,2077.57836869,2029.19740537,2198.6166875,2151.83036932,,2109.52363801,1597.96082899
1971-11-20,2078.98384604,2110.67179254,2174.40974059,2177.71210041,2077.57836869,2029.19740537,2198.6166875,2151.83036932,,2109.52363801,1632.5219569
1971-11-30,2078.98384604,2110.67179254,2174.40974059,2177.71210041,2077.57836869,2032.60528234,2198.6166875,2151.83036932,,2109.52363801,1632.5219569
1971-12-04,2078.98384604,2113.24048567,2174.40974059,2177.71210041,2077.57836869,2032.60528234,2198.6166875,2151.83036932,,2109.52363801,1632.5219569
1971-12-10,2078.98384604,2113.24048567,2176.73897592,2177.71210041,2077.57836869,2032.60528234,2198.6166875,2151.83036932,,2109.52363801,1632.5219569
1971-12-11,2078.98384604,2113.24048567,2176.73897592,2177.71210041,2077.57836869,2032.60528234,2198.6166875,2155.89594542,,2109.52363801,1632.5219569
1971-12-14,2078.98384604,2113.24048567,2176.73897592,2186.31160978,2077.57836869,2032.60528234,2198.6166875,2155.89594542,,2109.52363801,1632.5219569
1971-12-17,2079.3813565,2113.24048567,2176.73897592,2186.31160978,2077.57836869,2032.60528234,2198.6166875,2155.89594542,,2109.52363801,1632.5219569
1971-12-18,2079.3813565,2113.24048567,2176.73897592,2186.31160978,2077.57836869,2032.60528234,2198.6166875,2155.89594542,,2109.52363801,1599.74671976
1971-12-26,2079.3813565,2113.24048567,2176.73897592,2186.31160978,2077.57836869,2032.60528234,2202.87022702,2155.89594542,,2109.52363801,1599.74671976
1972-01-22,2079.3813565,2113.24048567,2176.73897592,2186.31160978,2077.57836869,2032.60528234,2202.87022702,2155.89594542,,2109.52363801,1607.49848
1972-01-31,2079.3813565,2113.24048567,2182.70120773,2186.31160978,2077.57836869,2032.60528234,2202.87022702,2155.89594542,,2109.52363801,1607.49848
1972-02-04,2083.24941437,2113.24048567,2182.70120773,2186.31160978,2077.57836869,2032.60528234,2202.87022702,2157.24413916,,2109.52363801,1607.49848
1972-02-16,2083.24941437,2113.24048567,2182.70120773,2186.31160978,2077.57836869,2032.60528234,2202.87022702,2157.91269312,,2109.52363801,1607.49848
1972-02-21,2083.24941437,2113.24048567,2186.52472071,2186.31160978,2077.57836869,2032.60528234,2202.87022702,2157.91269312,,2109.52363801,1607.49848
1972-03-04,2083.24941437,2129.30295019,2186.52472071,2186.31160978,2077.57836869,2032.60528234,2202.87022702,2157.91269312,,2109.52363801,1607.49848
1972-03-10,2083.24941437,2129.30295019,2186.52472071,2186.31160978,2077.57836869,2032.60528234,2202.87022702,2113.85906399,,2109.52363801,1607.49848
1972-03-16,2083.24941437,2129.30295019,2186.52472071,2186.31160978,2077.57836869,1984.82423268,2202.87022702,2113.85906399,,2109.52363801,1607.49848
1972-03-24,2085.41674236,2129.30295019,2186.52472071,2186.31160978,2077.57836869,1984.82423268,2202.87022702,2113.85906399,,2109.52363801,1607.49848
1972-03-28,2085.41674236,2129.30295019,2186.52472071,2194.02934496,2086.34400767,1984.82423268,2202.87022702,2113.85906399,,2109.52363801,1607.49848
1972-03-30,2085.41674236,2129.30295019,2196.8407812,2194.02934496,2086.34400767,1984.82423268,2202.87022702,2113.85906399,,2109.52363801,1607.49848
1972-04-01,2085.41674236,2129.30295019,2196.8407812,2194.02934496,2086.34400767,1984.82423268,2211.36907951,2113.85906399,,2109.52363801,1607.49848
1972-04-12,2085.41674236,2129.30295019,2196.8407812,2194.02934496,2086.34400767,1925.99048737,2211.36907951,2113.85906399,,2109.52363801,1607.49848
1972-04-28,2086.31735792,2129.30295019,2196.8407812,2194.02934496,2086.34400767,,2211.36907951,2113.85906399,,2109.52363801,1607.49848
1972-04-29,2086.31735792,2129.30295019,2196.8407812,2194.02934496,2093.85032494,,2211.36907951,2113.85906399,,2109.52363801,1607.49848
1972-05-01,2086.31735792,2129.30295019,2196.8407812,2194.02934496,2093.85032494,,2216.98780425,2113.85906399,,2109.52363801,1607.49848
1972-05-06,2086.31735792,2129.30295019,2196.8407812,2194.02934496,2093.85032494,,2216.98780425,2113.85906399,,2109.52363801,1654.38380411
1972-06-10,2102.5645319,2129.30295019,2196.8407812,2207.76084636,2093.85032494,,2216.98780425,2113.85906399,,2109.52363801,1654.38380411
1972-06-17,2102.5645319,2147.28580905,2196.8407812,2207.76084636,2093.85032494,,2216.98780425,2113.85906399,,2109.52363801,1654.38380411
1972-06-26,2102.5645319,2147.28580905,2196.8407812,2207.76084636,2054.65878092,,2216.98780425,2113.85906399,,2109.52363801,1654.38380411
1972-06-27,2102.5645319,2147.28580905,2196.8407812,2207.76084636,2054.65878092,,2228.46419414,2113.85906399,,2109.52363801,1654.38380411
1972-07-19,2102.5645319,2147.28580905,2196.8407812,2207.76084636,2054.65878092,,2231.55140614,2113.85906399,,2109.52363801,1654.38380411
1972-07-22,2102.5645319,2147.28580905,2196.8407812,2207.76084636,2054.65878092,,2231.55140614,2113.85906399,,2109.52363801,1678.08288623
1972-08-05,2102.5645319,2147.28580905,2196.8407812,2209.32209311,2054.65878092,,2231.55140614,2113.85906399,,2109.52363801,1678.08288623
1972-08-08,2104.11332511,2147.28580905,2196.8407812,2209.32209311,2054.65878092,,2231.55140614,2113.85906399,,2109.52363801,1678.08288623
1972-08-19,2104.11332511,2164.15942653,2196.8407812,2209.32209311,2054.65878092,,2231.55140614,2113.85906399,,2109.52363801,1690.66055625
1972-09-02,2104.11332511,2164.15942653,2196.8407812,2209.32209311,2054.65878092,,2231.55140614,2113.85906399,,2109.52363801,1740.50311753
1972-09-16,2104.11332511,2164.15942653,2198.84506204,2209.32209311,2054.65878092,,2231.55140614,2113.85906399,,2109.52363801,1740.50311753
1972-09-20,2104.11332511,2164.15942653,2198.84506204,2209.32209311,2084.57053071,,2246.17630307,2113.85906399,,2109.52363801,1740.50311753
1972-10-07,2104.11332511,2164.15942653,2198.84506204,2209.32209311,2084.57053071,,2246.17630307,2113.85906399,,2109.52363801,1780.06133346
1972-10-11,2104.11332511,2164.15942653,2200.79457925,2209.32209311,2084.57053071,,2246.17630307,2113.85906399,,2109.52363801,1780.06133346
1972-10-13,2106.35715244,2164.15942653,2200.79457925,2209.32209311,2084.57053071,,2246.17630307,2113.85906399,,2109.52363801,1780.06133346
1972-11-10,2106.35715244,2164.15942653,2200.79457925,2209.32209311,2084.57053071,,2246.17630307,2113.85906399,,2109.52363801,1783.50235576
1972-11-11,2106.35715244,2173.82269004,2200.79457925,2209.32209311,2084.57053071,,2246.17630307,2113.85906399,,2109.52363801,1783.50235576
1972-11-18,2106.35715244,2173.82269004,2200.79457925,2209.32209311,2084.57053071,,2246.17630307,2116.75089706,,2109.52363801,1783.50235576
1972-11-21,2106.35715244,2173.82269004,2200.79457925,2209.32209311,2084.57053071,,2260.25254808,2116.75089706,,2109.52363801,1783.50235576
1972-12-02,2112.98711227,2173.82269004,2200.79457925,2209.32209311,2084.57053071,,2260.25254808,2116.75089706,,2109.52363801,1783.50235576
1972-12-04,2112.98711227,2173.82269004,2200.79457925,2209.32209311,2091.75448883,,2260.25254808,2116.75089706,,2109.52363801,1783.50235576
1972-12-15,2112.98711227,2173.82269004,2200.79457925,2209.32209311,2091.75448883,,2260.25254808,2116.75089706,,2109.52363801,1757.9128648
1972-12-16,2112.98711227,2173.82269004,2200.79457925,2209.32209311,2091.75448883,,2260.25254808,2119.2165034,,2109.52363801,1757.9128648
1972-12-18,2112.98711227,2173.82269004,2163.60529702,2209.32209311,2091.75448883,,2260.25254808,2119.2165034,,2109.52363801,1757.9128648
1973-01-25,2112.98711227,2173.82269004,2163.60529702,2209.32209311,2091.75448883,,2260.25254808,2125.88623325,,2109.52363801,1757.9128648
1973-01-29,2112.98711227,2173.82269004,2163.60529702,2209.32209311,2094.92558861,,2260.25254808,2125.88623325,,2109.52363801,1761.55475884
1973-02-09,2112.98711227,2173.82269004,2163.60529702,2209.32209311,2094.92558861,,2260.25254808,2127.07746067,,2109.52363801,1761.55475884
1973-02-14,2112.98711227,2173.82269004,2163.60529702,2209.32209311,2094.92558861,,2267.40317849,2127.07746067,,2109.52363801,1761.55475884
1973-02-28,2112.98711227,2173.82269004,2163.60529702,2218.67336093,2094.92558861,,2267.40317849,2127.07746067,,2109.52363801,1761.55475884
1973-03-09,2115.08469236,2173.82269004,2163.60529702,2218.67336093,2094.92558861,,2267.40317849,2127.07746067,,2109.52363801,1761.55475884
1973-03-12,2115.08469236,2173.82269004,2146.28885369,2218.67336093,2094.92558861,,2267.40317849,2127.07746067,,2109.52363801,1761.55475884
1973-03-17,2115.08469236,2173.82269004,2146.28885369,2218.67336093,2094.92558861,,2267.40317849,2084.29871734,,2109.52363801,1761.55475884
1973-03-27,2115.08469236,2173.82269004,2146.28885369,2218.67336093,2098.3919957,,2267.40317849,2084.29871734,,2109.52363801,1761.55475884
1973-03-31,2115.08469236,2173.82269004,2146.28885369,2218.67336093,2098.3919957,,2222.10132778,2084.29871734,,2109.52363801,1761.55475884
1973-04-14,2115.08469236,2173.82269004,2146.28885369,2218.67336093,2098.3919957,,2222.10132778,2084.29871734,,2109.52363801,1779.15315619
1973-05-05,2115.08469236,2174.29818723,2146.28885369,2218.67336093,2098.3919957,,2222.10132778,2084.29871734,,2109.52363801,1779.15315619
1973-05-12,2115.08469236,2174.29818723,2146.28885369,2218.67336093,2098.3919957,,2222.10132778,2084.29871734,,2109.52363801,1810.22427385
1973-05-29,2115.08469236,2174.29818723,2146.28885369,2218.67336093,2102.39759743,,2222.10132778,2084.29871734,,2109.52363801,1810.22427385
1973-06-02,2122.32766382,2197.28710856,2123.29993237,2218.67336093,2102.39759743,,2222.10132778,2084.29871734,,2109.52363801,1810.22427385
1973-06-23,2122.32766382,2197.28710856,2123.29993237,2228.86473948,2102.39759743,,2222.10132778,2084.29871734,,2109.52363801,1810.22427385
1973-07-14,2122.32766382,2197.28710856,2123.29993237,2228.86473948,2102.39759743,,2222.10132778,2084.29871734,,2109.52363801,1823.16839143
1973-08-10,2122.32766382,2197.28710856,2123.29993237,2228.86473948,2102.39759743,,2222.10132778,2084.29871734,,2109.52363801,1833.97199074
1973-09-01,2122.32766382,2197.28710856,2123.29993237,2228.86473948,2105.92381766,,2222.10132778,2084.29871734,,2109.52363801,1833.97199074
1973-09-07,2122.32766382,2197.28710856,2123.29993237,2228.86473948,2105.92381766,,2222.10132778,2084.29871734,,2109.52363801,1843.55896735
1973-09-10,2122.32766382,2197.28710856,2123.29993237,2228.86473948,2105.92381766,,2230.40141382,2084.29871734,,2109.52363801,1843.55896735
1973-09-22,2122.32766382,2197.28710856,2123.29993237,2234.18068253,2105.92381766,,2230.40141382,2084.29871734,,2109.52363801,1843.55896735
1973-09-29,2122.32766382,2213.6779927,2123.29993237,2234.18068253,2105.92381766,,2230.40141382,2084.29871734,,2109.52363801,1843.55896735
1973-10-11,2122.32766382,2213.6779927,2123.29993237,2234.18068253,2109.42813551,,2230.40141382,2084.29871734,,2109.52363801,1843.55896735
1973-10-20,2122.32766382,2213.6779927,2123.29993237,2234.18068253,2109.42813551,,2232.80889036,2084.29871734,,2109.52363801,1843.55896735
1973-10-21,2122.32766382,2213.6779927,2123.29993237,2234.18068253,2109.42813551,,2232.80889036,2084.29871734,,2081.36230127,1843.55896735
1973-11-01,2128.69567486,2213.6779927,2125.82335635,2234.18068253,2109.42813551,,2232.80889036,2084.29871734,,,1843.55896735
1973-11-10,2128.69567486,2213.6779927,2125.82335635,2234.18068253,2109.42813551,,2232.80889036,2084.29871734,,,1852.26032814
1973-11-19,2128.69567486,2213.6779927,2092.84360705,2234.18068253,2109.42813551,,2232.80889036,2084.29871734,,,1852.26032814
1973-12-06,2128.69567486,2213.6779927,2092.84360705,2234.18068253,2110.60762646,,2232.80889036,2084.29871734,,,1852.26032814
1973-12-08,2128.69567486,2213.6779927,2092.84360705,2234.18068253,2110.60762646,,2232.80889036,2084.29871734,,,1861.63022568
1974-01-28,2128.69567486,2213.6779927,2092.84360705,2234.18068253,2110.60762646,,2247.73758831,2084.29871734,,,1861.63022568
1974-02-05,2128.69567486,2213.6779927,2057.60650411,2234.18068253,2110.60762646,,2247.73758831,2084.29871734,,,1861.63022568
1974-02-07,2128.69567486,2213.6779927,2057.60650411,2234.18068253,2112.81145587,,2247.73758831,2084.29871734,,,1861.63022568
1974-02-09,2128.69567486,2240.15156972,2057.60650411,2207.70710552,2112.81145587,,2247.73758831,2084.29871734,,,1861.63022568
1974-02-16,2134.49290414,2240.15156972,2057.60650411,2207.70710552,2112.81145587,,2247.73758831,2084.29871734,,,1875.11328335
1974-04-04,2134.49290414,2240.15156972,2057.60650411,2207.70710552,2114.97050647,,2247.73758831,2084.29871734,,,1875.11328335
1974-04-05,2134.49290414,2240.15156972,2057.60650411,2207.70710552,2114.97050647,,2247.73758831,2084.29871734,,,1876.54787595
1974-05-01,2134.49290414,2240.15156972,2057.60650411,2207.70710552,2126.826293,,2247.73758831,2084.29871734,,,1876.54787595
1974-05-03,2135.10806686,2240.15156972,2057.60650411,2207.70710552,2126.826293,,2247.73758831,2084.29871734,,,1876.54787595
1974-05-25,2135.10806686,2240.15156972,2067.63505862,2207.70710552,2126.826293,,2247.73758831,2084.29871734,,,1876.54787595
1974-06-08,2135.10806686,2240.15156972,2067.63505862,2207.70710552,2126.826293,,2247.73758831,2084.29871734,,,1888.03975575
1974-07-12,2135.10806686,2240.15156972,2067.63505862,2207.70710552,2126.826293,,2247.73758831,2084.29871734,,,1888.88873651
1974-08-03,2135.10806686,2240.15156972,2067.63505862,2219.86871783,2126.826293,,2247.73758831,2084.29871734,,,1888.88873651
1974-08-14,2137.29245549,2240.15156972,2067.63505862,2219.86871783,2126.826293,,2247.73758831,2084.29871734,,,1888.88873651
1974-09-01,2137.29245549,2240.15156972,2067.63505862,2219.86871783,2126.826293,,2247.73758831,2084.29871734,,,1889.72819882
1974-09-14,2137.29245549,2240.15156972,2067.63505862,2219.86871783,2126.826293,,2247.73758831,2084.29871734,,,1903.84854583
1974-10-05,2137.29245549,2251.85174061,2067.63505862,2219.86871783,2126.826293,,2247.73758831,2084.29871734,,,1904.61455402
1974-10-09,2137.29245549,2251.85174061,2083.64148054,2219.86871783,2126.826293,,2247.73758831,2084.29871734,,,1904.61455402
1974-10-30,2137.29245549,2251.85174061,2083.64148054,2219.86871783,2126.826293,,2260.34905037,2084.29871734,,,1904.61455402
1974-11-08,2137.88281143,2251.85174061,2083.64148054,2219.86871783,2126.826293,,2260.34905037,2084.29871734,,,1904.61455402
1974-11-21,2137.88281143,2251.85174061,2083.64148054,2219.86871783,2126.94639809,,2260.34905037,2084.29871734,,,1904.61455402
1974-11-22,2137.88281143,2251.85174061,2041.80958191,2219.86871783,2126.94639809,,2260.34905037,2084.29871734,,,1904.61455402
1974-12-07,2137.88281143,2251.85174061,2041.80958191,2219.86871783,2126.94639809,,2260.34905037,2084.29871734,,,1936.63701689
1974-12-10,2137.88281143,2251.85174061,2050.05738473,2219.86871783,2126.94639809,,2260.34905037,2084.29871734,,,1936.63701689
1974-12-13,2140.32486212,2251.85174061,2050.05738473,2219.86871783,2126.94639809,,2260.34905037,2084.29871734,,,1936.63701689
1974-12-14,2140.32486212,2251.85174061,2050.05738473,2222.8685461,2126.94639809,,2260.34905037,2084.29871734,,,1936.63701689
1974-12-16,2140.32486212,2251.85174061,2050.05738473,2222.8685461,2130.07880544,,2260.34905037,2084.29871734,,,1936.63701689
1975-02-15,2140.32486212,2251.85174061,2050.05738473,2222.8685461,2130.07880544,,2260.34905037,2084.29871734,,,1947.57312702
1975-02-27,2140.32486212,2251.85174061,2050.05738473,2222.8685461,2085.83188429,,2260.34905037,2084.29871734,,,1947.57312702
1975-02-28,2141.62898144,2251.85174061,2050.05738473,2222.8685461,2085.83188429,,2260.34905037,2084.29871734,,,1947.57312702
1975-03-24,2141.62898144,2251.85174061,2050.05738473,2222.8685461,2085.83188429,,2263.31753685,2084.29871734,,,1947.57312702
1975-03-29,2141.62898144,2251.85174061,2050.05738473,2228.78634051,2085.83188429,,2263.31753685,2084.29871734,,,1947.57312702
1975-04-07,2141.62898144,2251.85174061,2050.05738473,2228.78634051,2085.83188429,,2263.31753685,2084.29871734,,,1997.03834322
1975-05-10,2142.00651742,2251.85174061,2050.05738473,2228.78634051,2085.83188429,,2263.31753685,2084.29871734,,,1997.03834322
1975-05-16,2142.00651742,2251.85174061,2050.05738473,2228.78634051,2085.83188429,,2271.5378883,2084.29871734,,,2000.85249924
1975-05-31,2142.00651742,2251.85174061,2001.29062694,2228.78634051,2085.83188429,,2271.5378883,2084.29871734,,,2000.85249924
1975-06-30,2142.00651742,2261.01042303,2001.29062694,2228.78634051,2085.83188429,,2281.38210946,2084.29871734,,,2017.54471184
1975-07-12,2142.00651742,2261.01042303,2001.29062694,2234.27404069,2085.83188429,,2281.38210946,2084.29871734,,,2017.54471184
1975-07-23,2142.00651742,2261.01042303,2004.54404239,2234.27404069,2085.83188429,,2281.38210946,2084.29871734,,,2017.54471184
1975-07-25,2142.00651742,2261.01042303,2004.54404239,2234.27404069,2089.74531923,,2281.38210946,2084.29871734,,,2017.54471184
1975-08-09,2142.00651742,2261.01042303,1963.66506572,2234.27404069,2089.74531923,,2281.38210946,2087.5989901,,,2017.54471184
1975-09-13,2142.00651742,2261.01042303,1963.66506572,2234.27404069,2089.74531923,,2281.38210946,2088.36733938,,,2043.62087301
1975-10-01,2142.00651742,2261.01042303,1963.66506572,2234.27404069,2089.74531923,,2294.41372378,2088.36733938,,,2043.62087301
1975-10-17,2142.00651742,2261.01042303,1963.66506572,2234.27404069,2089.74531923,,2294.41372378,2092.0541999,,,2043.62087301
1975-11-07,2142.00651742,2261.01042303,1969.69061122,2234.27404069,2089.74531923,,2294.41372378,2092.0541999,,,2043.62087301
1975-12-06,2142.00651742,2261.01042303,1969.69061122,2192.7239091,2089.74531923,,2294.41372378,2092.0541999,,,2043.62087301
1975-12-12,2145.18876472,2261.01042303,1969.69061122,,2089.74531923,,2294.41372378,2092.0541999,,,2043.62087301
1975-12-13,2145.18876472,2267.2790175,1969.69061122,,2089.74531923,,2294.41372378,2092.0541999,,,2043.62087301
1975-12-19,2145.18876472,2267.2790175,1969.69061122,,2089.74531923,,2294.41372378,2093.59131157,,,2043.62087301
1976-01-17,2145.18876472,2267.2790175,1969.69061122,,2089.74531923,,2294.41372378,2100.33291602,,,2043.62087301
1976-02-09,2145.18876472,2267.2790175,1900.54973098,,2089.74531923,,2294.41372378,2100.33291602,,,2043.62087301
1976-02-20,2145.18876472,2267.2790175,1900.54973098,,2089.74531923,,2295.867225,2100.33291602,,,2043.62087301
1976-03-28,2145.18876472,2267.2790175,1900.54973098,,2089.74531923,,2295.867225,2100.33291602,,,2050.75954123
1976-04-03,2129.69251479,2267.2790175,1900.54973098,,2089.74531923,,2295.867225,2100.33291602,,,2050.75954123
1976-04-08,2129.69251479,2267.2790175,1900.54973098,,2089.74531923,,2295.867225,2100.33291602,,,2054.91982439
1976-04-30,2129.69251479,2267.2790175,1900.54973098,,2089.74531923,,2298.15225097,2100.33291602,,,2054.91982439
1976-05-08,2129.69251479,2267.2790175,1900.54973098,,2089.74531923,,2298.15225097,2101.32025593,,,2054.91982439
1976-05-22,2129.69251479,2267.2790175,1900.54973098,,2089.74531923,,2298.15225097,2101.32025593,,,2071.17050256
1976-05-24,2129.69251479,2267.2790175,1900.54973098,,2089.74531923,,2300.81392158,2101.32025593,,,2071.17050256
1976-06-26,2129.69251479,2278.87079222,1905.8203054,,2089.74531923,,2300.81392158,2101.32025593,,,2071.17050256
1976-08-07,2129.69251479,2278.87079222,1905.8203054,,2089.74531923,,2300.81392158,2103.02757253,,,2071.17050256
1976-08-21,2129.69251479,2278.87079222,1905.8203054,,2089.74531923,,2300.81392158,,,,2077.74112254
1976-09-18,2129.69251479,2278.87079222,1862.13848795,,2089.74531923,,2300.81392158,,,,2077.74112254
1976-09-28,2129.69251479,2278.87079222,1862.13848795,,2089.74531923,,2308.54745153,,,,2077.74112254
1976-10-05,2129.69251479,2278.87079222,1862.13848795,,2089.74531923,,2308.54745153,,,,2081.48284074
1976-10-24,2129.69251479,2278.87079222,1864.45820407,,2089.74531923,,2308.54745153,,,,2081.48284074
1976-12-04,2129.69251479,2278.87079222,1880.35847673,,2089.74531923,,2308.54745153,,,,2081.48284074
1977-02-02,2129.69251479,2278.87079222,1893.73006901,,2089.74531923,,2308.54745153,,,,2081.48284074
1977-04-06,2129.69251479,2278.87079222,1893.73006901,,2089.74531923,,2308.54745153,,,,2082.38399826
1977-04-15,2129.69251479,2278.87079222,1836.21285556,,2089.74531923,,2308.54745153,,,,2082.38399826
1977-05-16,2129.69251479,2278.87079222,1836.21285556,,2089.74531923,,2309.85278893,,,,2082.38399826
1977-06-18,2129.69251479,2278.87079222,1836.21285556,,2089.74531923,,2309.85278893,,,,2095.7299324
1977-07-16,2129.69251479,2278.87079222,1763.00237497,,2089.74531923,,2309.85278893,,,,2095.7299324
1977-07-30,2129.69251479,2289.3579698,1738.99548921,,2089.74531923,,2309.85278893,,,,2095.7299324
1977-09-17,2129.69251479,,,,2089.74531923,,2309.85278893,,,,2104.17958888
1977-09-29,2129.69251479,,,,2089.74531923,,2314.85004434,,,,2104.17958888
1977-10-22,2129.89931752,,,,2089.74531923,,2314.85004434,,,,2104.17958888
1977-11-20,2129.89931752,,,,2089.74531923,,2314.85004434,,,,2111.06168652
1977-12-22,2130.55210803,,,,2089.74531923,,2314.85004434,,,,2111.06168652
1978-02-15,2130.55210803,,,,2089.74531923,,2265.44184319,,,,2111.06168652
1978-04-08,2130.55210803,,,,2089.74531923,,2265.44184319,,,,2112.71953909
1978-05-06,2130.55210803,,,,2089.74531923,,2265.44184319,,,,2122.27743723
1978-06-16,2130.55210803,,,,2089.74531923,,2265.44184319,,,,2122.48371682
1978-07-07,2130.72378126,,,,2089.74531923,,2265.44184319,,,,2122.48371682
1978-07-08,,,,,2089.74531923,,2265.44184319,,,,2123.77826471
1978-08-19,,,,,2089.74531923,,2265.44184319,,,,2123.9915554
1978-09-15,,,,,2089.74531923,,2266.63221286,,,,2082.3714857
1979-03-09,,,,,2089.74531923,,2266.63221286,,,,2083.20335766
1979-04-14,,,,,2089.74531923,,2266.63221286,,,,2098.39640069
1979-06-28,,,,,2090.48612361,,2266.63221286,,,,2098.39640069
1979-09-06,,,,,2090.68183367,,2266.63221286,,,,2098.39640069
1979-11-30,,,,,2090.68183367,,2266.63221286,,,,2054.22034625
1979-12-06,,,,,2047.07026183,,2266.63221286,,,,2054.22034625
1980-05-15,,,,,2049.97318314,,2266.63221286,,,,2054.22034625
1980-06-14,,,,,2049.97318314,,2266.63221286,,,,2007.99897076
1980-10-02,,,,,2049.97318314,,2227.15837507,,,,
1980-10-20,,,,,2050.94554701,,2227.15837507,,,,
1981-01-26,,,,,2004.72207548,,2227.15837507,,,,
1981-04-04,,,,,1965.95071599,,2227.15837507,,,,
1981-11-24,,,,,1894.91483757,,2227.15837507,,,,
1981-12-11,,,,,1894.91483757,,2179.51883054,,,,
