date,Alexis Arguello,Antonio Cervantes,Davey Moore,Julio Cesar Chavez,Larry Holmes,Marvin Hagler,Michael Spinks,Muhammad Ali,Roberto Duran,Sugar Ray Leonard,Thomas Hearns
1975-02-08,1872.62306692,2039.23439728,2070.99799421,,1446.05363496,1643.77755092,,2260.34905037,2047.66559519,,
1975-02-15,1872.62306692,2039.23439728,2070.99799421,,1446.05363496,1662.26457318,,2260.34905037,2048.09532187,,
1975-03-02,1872.62306692,2039.23439728,2070.99799421,,1446.05363496,1662.26457318,,2260.34905037,2054.88466947,,
1975-03-15,1893.65070378,2043.9945211,2070.99799421,,1446.05363496,1662.26457318,,2260.34905037,2054.88466947,,
1975-03-24,1893.65070378,2043.9945211,2070.99799421,,1493.56860488,1662.26457318,,2263.31753685,2054.88466947,,
1975-03-31,1893.65070378,2043.9945211,2070.99799421,,1493.56860488,1664.89554534,,2263.31753685,2054.88466947,,
1975-04-09,1893.65070378,2043.9945211,2070.99799421,,1529.62893901,1664.89554534,,2263.31753685,2054.88466947,,
1975-04-14,1893.65070378,2043.9945211,2070.99799421,,1529.62893901,1677.61856509,,2263.31753685,2054.88466947,,
1975-04-26,1893.65070378,2043.9945211,2070.99799421,,1544.42461994,1677.61856509,,2263.31753685,2054.88466947,,
1975-05-16,1893.65070378,2043.9945211,2070.99799421,,1566.44373679,1677.61856509,,2271.5378883,2054.88466947,,
1975-05-17,1893.65070378,2063.54820886,2070.99799421,,1566.44373679,1677.61856509,,2271.5378883,2054.88466947,,
1975-05-24,1893.65070378,2063.54820886,2070.99799421,,1566.44373679,1688.6365669,,2271.5378883,2054.88466947,,
1975-05-31,1908.80719448,2063.54820886,2070.99799421,,1566.44373679,1688.6365669,,2271.5378883,2054.88466947,,
1975-06-03,1908.80719448,2063.54820886,2070.99799421,,1566.44373679,1688.6365669,,2271.5378883,2057.64998579,,
1975-06-30,1908.80719448,2063.54820886,2070.99799421,,1566.44373679,1688.6365669,,2281.38210946,2057.64998579,,
1975-07-18,1916.98793702,2063.54820886,2070.99799421,,1566.44373679,1688.6365669,,2281.38210946,2057.64998579,,
1975-08-02,1916.98793702,2063.54820886,2070.99799421,,1566.44373679,1688.6365669,,2281.38210946,2058.11128675,,
1975-08-07,1916.98793702,2063.54820886,2070.99799421,,1566.44373679,1700.51740892,,2281.38210946,2058.11128675,,
1975-08-16,1916.98793702,2063.54820886,2070.99799421,,1599.3517397,1700.51740892,,2281.38210946,2058.11128675,,
1975-08-26,1916.98793702,2063.54820886,2070.99799421,,1619.71331846,1700.51740892,,2281.38210946,2058.11128675,,
1975-09-13,1916.98793702,2063.54820886,2070.99799421,,1619.71331846,1700.51740892,,2281.38210946,2058.33025806,,
1975-09-20,1916.98793702,2065.47611917,2070.99799421,,1619.71331846,1700.51740892,,2281.38210946,2058.33025806,,
1975-09-30,1916.98793702,2065.47611917,2070.99799421,,1619.71331846,1714.41811698,,2281.38210946,2062.36885276,,
1975-10-01,1916.98793702,2065.47611917,2070.99799421,,1664.95630887,1714.41811698,,2294.41372378,2062.36885276,,
1975-10-12,1935.34942728,2065.47611917,2070.99799421,,1664.95630887,1714.41811698,,2294.41372378,2062.36885276,,
1975-11-15,1935.34942728,2088.76814733,2070.99799421,,1664.95630887,1714.41811698,,2294.41372378,2062.36885276,,
1975-12-09,1935.34942728,2088.76814733,2070.99799421,,1676.62303439,1714.41811698,,2294.41372378,2062.36885276,,
1975-12-20,1944.87284072,2088.76814733,2070.99799421,,1695.14504471,1757.68773647,,2294.41372378,2069.6278442,,
1976-01-13,1944.87284072,2088.76814733,2070.99799421,,1695.14504471,1734.69887466,,2294.41372378,2069.6278442,,
1976-01-29,1944.87284072,2088.76814733,2070.99799421,,1709.62330675,1734.69887466,,2294.41372378,2069.6278442,,
1976-02-01,1959.88401766,2088.76814733,2070.99799421,,1709.62330675,1734.69887466,,2294.41372378,2069.6278442,,
1976-02-07,1959.88401766,2088.76814733,2070.99799421,,1709.62330675,1749.52512651,,2294.41372378,2069.6278442,,
1976-02-20,1959.88401766,2088.76814733,2070.99799421,,1709.62330675,1749.52512651,,2295.867225,2069.6278442,,
1976-03-06,1959.88401766,2043.65145592,2070.99799421,,1709.62330675,1749.52512651,,2295.867225,2069.6278442,,
1976-03-09,1959.88401766,2043.65145592,2070.99799421,,1709.62330675,1724.87612249,,2295.867225,2069.6278442,,
1976-04-05,1959.88401766,2043.65145592,2070.99799421,,1726.9098011,1724.87612249,,2295.867225,2069.6278442,,
1976-04-10,1960.3366335,2043.65145592,2070.99799421,,1726.9098011,1724.87612249,,2295.867225,2069.6278442,,
1976-04-30,1960.3366335,2043.65145592,2070.99799421,,1752.59718528,1724.87612249,,2298.15225097,2069.6278442,,
1976-05-04,1960.3366335,2043.65145592,2070.99799421,,1752.59718528,1724.87612249,,2298.15225097,2072.19510013,,
1976-05-23,1960.3366335,2047.72969764,2070.99799421,,1752.59718528,1724.87612249,,2298.15225097,2076.52100869,,
1976-05-24,1960.3366335,2047.72969764,2070.99799421,,1752.59718528,1724.87612249,,2300.81392158,2076.52100869,,
1976-06-02,1960.3366335,2047.72969764,2070.99799421,,1752.59718528,1729.58732136,,2300.81392158,2076.52100869,,
1976-06-19,1972.04127681,2047.72969764,2070.99799421,,1752.59718528,1729.58732136,,2300.81392158,2076.52100869,,
1976-07-17,1972.04127681,2048.13384687,2070.99799421,,1752.59718528,1729.58732136,,2300.81392158,2076.52100869,,
1976-07-31,1972.04127681,2048.13384687,2070.99799421,,1752.59718528,1729.58732136,,2300.81392158,2082.48155256,,
1976-08-03,1972.04127681,2048.13384687,2070.99799421,,1752.59718528,1731.56233059,,2300.81392158,2082.48155256,,
1976-09-14,1972.04127681,2048.13384687,2070.99799421,,1752.59718528,1776.47870681,,2300.81392158,2082.48155256,,
1976-09-28,1972.04127681,2048.13384687,2070.99799421,,1752.59718528,1776.47870681,,2308.54745153,2082.48155256,,
1976-10-15,1972.04127681,2048.13384687,2070.99799421,,1752.59718528,1776.47870681,,2308.54745153,2083.32542207,,
1976-10-16,1972.04127681,2051.15328883,2070.99799421,,1752.59718528,1776.47870681,,2308.54745153,2083.32542207,,
1976-11-13,1972.04127681,2054.73566262,2070.99799421,,1752.59718528,1776.47870681,,2308.54745153,2083.32542207,,
1976-12-21,1972.04127681,2054.73566262,2070.99799421,,1752.59718528,1780.20172267,,2308.54745153,2083.32542207,,
1977-01-16,1972.04127681,2054.73566262,2070.99799421,,1774.8973573,1780.20172267,,2308.54745153,2083.32542207,,
1977-01-29,1972.04127681,2054.73566262,2070.99799421,,1774.8973573,1780.20172267,,2308.54745153,2087.60398512,,
1977-02-05,1972.04127681,2054.73566262,2070.99799421,,1774.8973573,1780.20172267,,2308.54745153,2087.60398512,1229.56700751,
1977-02-15,1972.04127681,2054.73566262,2070.99799421,,1774.8973573,1826.28911964,,2308.54745153,2087.60398512,1229.56700751,
1977-02-19,1987.17472699,2054.73566262,2070.99799421,,1774.8973573,1826.28911964,,2308.54745153,2087.60398512,1229.56700751,
1977-03-16,1987.17472699,2054.73566262,2070.99799421,,1774.8973573,1839.3057047,,2308.54745153,2087.60398512,1229.56700751,
1977-03-17,1987.17472699,2054.73566262,2070.99799421,,1781.61418468,1839.3057047,,2308.54745153,2087.60398512,1229.56700751,
1977-03-19,1987.17472699,2058.62083385,2070.99799421,,1781.61418468,1839.3057047,,2308.54745153,2087.60398512,1229.56700751,
1977-04-16,1987.17472699,2058.62083385,2070.99799421,,1781.61418468,1839.3057047,1253.59080832,2308.54745153,2087.60398512,1229.56700751,
1977-05-07,1987.17472699,2058.62083385,2070.99799421,,1781.61418468,1839.3057047,1331.10458973,2308.54745153,2087.60398512,1229.56700751,
1977-05-14,1995.68936462,2058.62083385,2070.99799421,,1781.61418468,1839.3057047,1331.10458973,2308.54745153,2087.60398512,1306.76553891,
1977-05-16,1995.68936462,2058.62083385,2070.99799421,,1781.61418468,1839.3057047,1331.10458973,2309.85278893,2088.98541446,1306.76553891,
1977-06-01,1995.68936462,2058.62083385,2070.99799421,,1781.61418468,1839.3057047,1395.39882468,2309.85278893,2088.98541446,1306.76553891,
1977-06-10,1995.68936462,2058.62083385,2070.99799421,,1781.61418468,1852.40573235,1395.39882468,2309.85278893,2088.98541446,1372.58104054,
1977-06-22,2008.73103213,2058.62083385,2070.99799421,,1781.61418468,1852.40573235,1395.39882468,2309.85278893,2088.98541446,1372.58104054,
1977-06-25,2008.73103213,2076.44083252,2070.99799421,,1781.61418468,1852.40573235,1395.39882468,2309.85278893,2088.98541446,1372.58104054,
1977-08-03,2013.82601156,2076.44083252,2070.99799421,,1781.61418468,1852.40573235,1395.39882468,2309.85278893,2088.98541446,1372.58104054,
1977-08-06,2013.82601156,2076.44083252,2070.99799421,,1781.61418468,1852.40573235,1395.39882468,2309.85278893,2089.23179193,1372.58104054,
1977-08-23,2013.82601156,2076.44083252,2070.99799421,,1781.61418468,1886.18781676,1443.7101657,2309.85278893,2089.23179193,1372.58104054,
1977-08-27,2016.59660159,2076.44083252,2070.99799421,,1781.61418468,1886.18781676,1443.7101657,2309.85278893,2089.23179193,1372.58104054,
1977-09-13,2016.59660159,2076.44083252,2070.99799421,,1781.61418468,1886.18781676,1510.54943827,2309.85278893,2089.23179193,1372.58104054,
1977-09-14,2016.59660159,2076.44083252,2070.99799421,,1796.96148674,1886.18781676,1510.54943827,2309.85278893,2089.23179193,1372.58104054,
1977-09-17,2016.59660159,2076.44083252,2070.99799421,,1796.96148674,1886.18781676,1510.54943827,2309.85278893,2093.27125734,1372.58104054,
1977-09-23,2016.59660159,2076.44083252,2070.99799421,,1796.96148674,1886.18781676,1510.54943827,2309.85278893,2043.5554003,1372.58104054,
1977-09-24,2016.59660159,2076.44083252,2070.99799421,,1796.96148674,1895.9772235,1510.54943827,2309.85278893,2043.5554003,1449.35438933,
1977-09-29,2022.82127774,2076.44083252,2070.99799421,,1796.96148674,1895.9772235,1510.54943827,2314.85004434,2043.5554003,1449.35438933,
1977-10-15,2022.82127774,2076.44083252,2070.99799421,,1796.96148674,1896.57703028,1510.54943827,2314.85004434,2043.5554003,1449.35438933,
1977-10-22,2022.82127774,2076.44083252,2070.99799421,,1796.96148674,1896.57703028,1549.79309301,2314.85004434,2043.5554003,1449.35438933,
1977-11-05,2022.82127774,2080.74317222,2070.99799421,,1818.01158861,1896.57703028,1549.79309301,2314.85004434,2043.5554003,1497.65412481,
1977-11-26,2022.82127774,2080.74317222,2070.99799421,,1818.01158861,1927.55415711,1549.79309301,2314.85004434,2043.5554003,1497.65412481,
1977-12-07,2022.82127774,2080.74317222,2070.99799421,,1818.01158861,1927.55415711,1549.79309301,2314.85004434,2043.5554003,1497.65412481,1216.07013113
1977-12-16,2022.82127774,2080.74317222,2070.99799421,,1818.01158861,1927.55415711,1549.79309301,2314.85004434,2043.5554003,1497.65412481,1268.52519444
1977-12-17,2022.82127774,2080.74317222,2070.99799421,,1818.01158861,1927.55415711,1549.79309301,2314.85004434,2043.5554003,1540.51296109,1268.52519444
1977-12-18,2025.15213865,2080.74317222,2070.99799421,,1818.01158861,1927.55415711,1549.79309301,2314.85004434,2043.5554003,1540.51296109,1268.52519444
1978-01-21,2025.15213865,2080.74317222,2070.99799421,,1818.01158861,1927.55415711,1549.79309301,2314.85004434,2066.47253128,1540.51296109,1268.52519444
1978-01-28,2044.93183014,2080.74317222,2070.99799421,,1818.01158861,1927.55415711,1549.79309301,2314.85004434,2066.47253128,1540.51296109,1268.52519444
1978-01-29,2044.93183014,2080.74317222,2070.99799421,,1818.01158861,1927.55415711,1549.79309301,2314.85004434,2066.47253128,1540.51296109,1310.55168114
1978-02-04,2044.93183014,2080.74317222,2070.99799421,,1818.01158861,1927.55415711,1549.79309301,2314.85004434,2066.47253128,1578.70177691,1310.55168114
1978-02-10,2044.93183014,2080.74317222,2070.99799421,,1818.01158861,1927.55415711,1549.79309301,2314.85004434,2066.47253128,1578.70177691,1347.51810194
1978-02-15,2044.93183014,2080.74317222,2070.99799421,,1818.01158861,1927.55415711,1595.53100765,2265.44184319,2066.47253128,1578.70177691,1347.51810194
1978-02-17,2044.93183014,2080.74317222,2070.99799421,,1818.01158861,1927.55415711,1595.53100765,2265.44184319,2066.47253128,1578.70177691,1371.50766629
1978-03-01,2044.93183014,2080.74317222,2070.99799421,,1818.01158861,1927.55415711,1595.53100765,2265.44184319,2066.47253128,1600.72375886,1371.50766629
1978-03-04,2044.93183014,2080.74317222,2070.99799421,,1818.01158861,1951.38087986,1595.53100765,2265.44184319,2066.47253128,1600.72375886,1371.50766629
1978-03-10,2044.93183014,2081.45338235,2070.99799421,,1818.01158861,1951.38087986,1595.53100765,2265.44184319,2066.47253128,1600.72375886,1371.50766629
1978-03-17,2044.93183014,2081.45338235,2070.99799421,,1818.01158861,1951.38087986,1595.53100765,2265.44184319,2066.47253128,1600.72375886,1398.03323113
1978-03-19,2044.93183014,2081.45338235,2070.99799421,,1818.01158861,1951.38087986,1595.53100765,2265.44184319,2066.47253128,1624.39349458,1398.03323113
1978-03-25,2045.56940423,2081.45338235,2070.99799421,,1866.26881223,1951.38087986,1595.53100765,2265.44184319,2066.47253128,1624.39349458,1398.03323113
1978-03-31,2045.56940423,2081.45338235,2070.99799421,,1866.26881223,1951.38087986,1595.53100765,2265.44184319,2066.47253128,1624.39349458,1410.93594196
1978-04-07,2045.56940423,2081.45338235,2070.99799421,,1866.26881223,1962.48507404,1595.53100765,2265.44184319,2066.47253128,1624.39349458,1410.93594196
1978-04-13,2045.56940423,2081.45338235,2070.99799421,,1866.26881223,1962.48507404,1595.53100765,2265.44184319,2066.47253128,1654.55184624,1410.93594196
1978-04-27,2045.56940423,2081.45338235,2070.99799421,,1866.26881223,1962.48507404,1595.53100765,2265.44184319,2069.77699057,1654.55184624,1410.93594196
1978-04-28,2045.56940423,2083.13075783,2070.99799421,,1866.26881223,1962.48507404,1595.53100765,2265.44184319,2069.77699057,1654.55184624,1410.93594196
1978-04-29,2049.94710934,2083.13075783,2070.99799421,,1866.26881223,1962.48507404,1595.53100765,2265.44184319,2069.77699057,1654.55184624,1410.93594196
1978-05-13,2049.94710934,2083.13075783,2070.99799421,,1866.26881223,1981.17840895,1595.53100765,2265.44184319,2069.77699057,1669.82270528,1410.93594196
1978-06-03,2055.3733802,2083.13075783,2070.99799421,,1866.26881223,1981.17840895,1595.53100765,2265.44184319,2069.77699057,1692.93587618,1410.93594196
1978-06-08,2055.3733802,2083.13075783,2070.99799421,,1866.26881223,1981.17840895,1595.53100765,2265.44184319,2069.77699057,1692.93587618,1479.5263979
1978-06-09,2055.3733802,2083.13075783,2070.99799421,,1921.92894191,1981.17840895,1595.53100765,2265.44184319,2069.77699057,1692.93587618,1479.5263979
1978-07-18,2055.3733802,2083.13075783,2070.99799421,,1921.92894191,1981.17840895,1595.53100765,2265.44184319,2069.77699057,1711.84372705,1479.5263979
1978-07-20,2055.3733802,2083.13075783,2070.99799421,,1921.92894191,1981.17840895,1595.53100765,2265.44184319,2069.77699057,1711.84372705,1511.15347416
1978-07-26,2009.94500076,2083.13075783,2070.99799421,,1921.92894191,1981.17840895,1595.53100765,2265.44184319,2069.77699057,1711.84372705,1511.15347416
1978-08-03,2009.94500076,2083.13075783,2070.99799421,,1921.92894191,1981.17840895,1595.53100765,2265.44184319,2069.77699057,1711.84372705,1554.91156311
1978-08-24,2009.94500076,2083.13075783,2070.99799421,,1921.92894191,2010.93992712,1595.53100765,2265.44184319,2069.77699057,1711.84372705,1554.91156311
1978-08-26,2009.94500076,2100.68504688,2070.99799421,,1921.92894191,2010.93992712,1595.53100765,2265.44184319,2069.77699057,1711.84372705,1554.91156311
1978-09-01,2009.94500076,2100.68504688,2070.99799421,,1921.92894191,2010.93992712,1595.53100765,2265.44184319,2070.0408306,1711.84372705,1554.91156311
1978-09-07,2009.94500076,2100.68504688,2070.99799421,,1921.92894191,2010.93992712,1595.53100765,2265.44184319,2070.0408306,1711.84372705,1597.23198617
1978-09-09,2009.94500076,2100.68504688,2070.99799421,,1921.92894191,2010.93992712,1595.53100765,2265.44184319,2070.0408306,1741.58553479,1597.23198617
1978-09-15,2009.94500076,2100.68504688,2070.99799421,,1921.92894191,2010.93992712,1595.53100765,2266.63221286,2070.0408306,1741.58553479,1597.23198617
1978-10-06,2009.94500076,2100.68504688,2070.99799421,,1921.92894191,2010.93992712,1595.53100765,2266.63221286,2070.0408306,1776.63924775,1597.23198617
1978-10-26,2009.94500076,2100.68504688,2070.99799421,,1921.92894191,2010.93992712,1595.53100765,2266.63221286,2070.0408306,1776.63924775,1634.04140104
1978-11-03,2009.94500076,2100.68504688,2070.99799421,,1921.92894191,2010.93992712,1595.53100765,2266.63221286,2070.0408306,1792.76343256,1634.04140104
1978-11-10,2014.12479852,2100.68504688,2070.99799421,,1949.31140229,2010.93992712,1595.53100765,2266.63221286,2070.0408306,1792.76343256,1634.04140104
1978-11-11,2014.12479852,2100.68504688,2070.99799421,,1949.31140229,2012.10038733,1595.53100765,2266.63221286,2070.0408306,1792.76343256,1634.04140104
1978-12-08,2014.12479852,2100.68504688,2070.99799421,,1949.31140229,2012.10038733,1595.53100765,2266.63221286,2076.07923937,1792.76343256,1634.04140104
1978-12-09,2014.12479852,2100.68504688,2070.99799421,,1949.31140229,2012.10038733,1595.53100765,2266.63221286,2076.07923937,1831.2792841,1663.56222641
1978-12-15,2014.12479852,2100.68504688,2070.99799421,,1949.31140229,2012.10038733,1603.61782365,2266.63221286,2076.07923937,1831.2792841,1663.56222641
1979-01-11,2014.12479852,2100.68504688,2070.99799421,,1949.31140229,2012.10038733,1603.61782365,2266.63221286,2076.07923937,1861.89956121,1725.01314798
1979-01-18,2014.12479852,2107.65153826,2070.99799421,,1949.31140229,2012.10038733,1603.61782365,2266.63221286,2076.07923937,1861.89956121,1725.01314798
1979-01-31,2014.12479852,2107.65153826,2070.99799421,,1949.31140229,2012.10038733,1603.61782365,2266.63221286,2076.07923937,1861.89956121,1732.88952906
1979-02-03,2014.12479852,2107.65153826,2070.99799421,,1949.31140229,2025.69103161,1603.61782365,2266.63221286,2076.07923937,1861.89956121,1732.88952906
1979-02-04,2029.33703036,2107.65153826,2070.99799421,,1949.31140229,2025.69103161,1603.61782365,2266.63221286,2076.07923937,1861.89956121,1732.88952906
1979-02-11,2029.33703036,2107.65153826,2070.99799421,,1949.31140229,2025.69103161,1603.61782365,2266.63221286,2076.07923937,1883.71422489,1732.88952906
1979-03-03,2029.33703036,2107.65153826,2070.99799421,,1949.31140229,2025.69103161,1603.61782365,2266.63221286,2076.07923937,1883.71422489,1755.30570254
1979-03-12,2029.33703036,2107.65153826,2070.99799421,,1949.31140229,2026.50436184,1603.61782365,2266.63221286,2076.07923937,1883.71422489,1755.30570254
1979-03-23,2029.33703036,2107.65153826,2070.99799421,,1961.75823537,2026.50436184,1603.61782365,2266.63221286,2076.07923937,1883.71422489,1755.30570254
1979-03-24,2029.33703036,2107.65153826,2070.99799421,,1961.75823537,2026.50436184,1603.61782365,2266.63221286,2076.07923937,1914.33412351,1755.30570254
1979-04-03,2029.33703036,2107.65153826,2070.99799421,,1961.75823537,2026.50436184,1603.61782365,2266.63221286,2076.07923937,1914.33412351,1770.16471478
1979-04-08,2029.33703036,2107.65153826,2070.99799421,,1961.75823537,2026.50436184,1603.61782365,2266.63221286,2080.23964779,1914.33412351,1770.16471478
1979-04-21,2029.33703036,2107.65153826,2070.99799421,,1961.75823537,2026.50436184,1603.61782365,2266.63221286,2080.23964779,1927.85599454,1770.16471478
1979-05-20,2029.33703036,2107.65153826,2070.99799421,,1961.75823537,2026.50436184,1603.61782365,2266.63221286,2080.23964779,1948.93302937,1804.87628167
1979-05-26,2029.33703036,2107.65153826,2070.99799421,,1961.75823537,2028.4249141,1603.61782365,2266.63221286,2080.23964779,1948.93302937,1804.87628167
1979-06-22,2029.33703036,2107.65153826,2070.99799421,,1975.57294933,2028.4249141,1603.61782365,2266.63221286,2093.2220835,1948.93302937,1804.87628167
1979-06-24,2029.33703036,2107.65153826,2070.99799421,,1975.57294933,2028.4249141,1603.61782365,2266.63221286,2093.2220835,1973.82575229,1804.87628167
1979-06-28,2029.33703036,2107.65153826,2070.99799421,,1975.57294933,2028.4249141,1603.61782365,2266.63221286,2093.2220835,1973.82575229,1837.02397821
1979-06-30,2029.33703036,2107.65153826,2070.99799421,,1975.57294933,2032.26258254,1603.61782365,2266.63221286,2093.2220835,1973.82575229,1837.02397821
1979-07-08,2039.10872503,2107.65153826,2070.99799421,,1975.57294933,2032.26258254,1603.61782365,2266.63221286,2093.2220835,1973.82575229,1837.02397821
1979-08-12,2039.10872503,2107.65153826,2070.99799421,,1975.57294933,2032.26258254,1603.61782365,2266.63221286,2093.2220835,2006.52603287,1837.02397821
1979-08-23,2039.10872503,2107.65153826,2070.99799421,,1975.57294933,2032.26258254,1603.61782365,2266.63221286,2093.2220835,2006.52603287,1846.75489432
1979-08-25,2039.10872503,2111.65895618,2070.99799421,,1975.57294933,2032.26258254,1603.61782365,2266.63221286,2093.2220835,2006.52603287,1846.75489432
1979-09-22,2039.10872503,2111.65895618,2070.99799421,,1975.57294933,2032.26258254,1603.61782365,2266.63221286,2093.2220835,2006.52603287,1849.10971651
1979-09-28,2039.10872503,2111.65895618,2070.99799421,,2008.88904874,2032.26258254,1603.61782365,2266.63221286,2097.888844,2013.64519305,1849.10971651
1979-10-18,2039.10872503,2111.65895618,2070.99799421,,2008.88904874,2032.26258254,1603.61782365,2266.63221286,2097.888844,2013.64519305,1874.58968272
1979-11-16,2051.97017951,2111.65895618,2070.99799421,,2008.88904874,2032.26258254,1603.61782365,2266.63221286,2097.888844,2013.64519305,1874.58968272
1979-11-24,2051.97017951,2111.65895618,2070.99799421,,2008.88904874,2032.26258254,1610.65860976,2266.63221286,2097.888844,2013.64519305,1874.58968272
1979-11-30,2051.97017951,2111.65895618,2070.99799421,,2008.88904874,2029.87376139,1610.65860976,2266.63221286,2097.888844,2038.11372194,1905.54535735
1980-01-13,2051.97017951,2111.65895618,2070.99799421,,2008.88904874,2029.87376139,1610.65860976,2266.63221286,2102.97046646,2038.11372194,1905.54535735
1980-01-20,2064.43321602,2111.65895618,2070.99799421,,2008.88904874,2029.87376139,1610.65860976,2266.63221286,2102.97046646,2038.11372194,1905.54535735
1980-02-01,2064.43321602,2111.65895618,2070.99799421,,2008.88904874,2029.87376139,1627.2849125,2266.63221286,2102.97046646,2038.11372194,1905.54535735
1980-02-03,2064.43321602,2111.65895618,2070.99799421,,2019.9137344,2029.87376139,1627.2849125,2266.63221286,2102.97046646,2038.11372194,1912.05324505
1980-02-16,2064.43321602,2111.65895618,2070.99799421,,2019.9137344,2042.46030891,1627.2849125,2266.63221286,2102.97046646,2038.11372194,1912.05324505
1980-02-24,2064.43321602,2111.65895618,2070.99799421,,2019.9137344,2042.46030891,1659.64286289,2266.63221286,2104.16226098,2038.11372194,1912.05324505
1980-03-02,2064.43321602,2111.65895618,2070.99799421,,2019.9137344,2042.46030891,1659.64286289,2266.63221286,2104.16226098,2038.11372194,1938.39831827
1980-03-03,2064.43321602,2111.65895618,2070.99799421,1250.0,2019.9137344,2042.46030891,1659.64286289,2266.63221286,2104.16226098,2038.11372194,1938.39831827
1980-03-29,2064.43321602,2119.039363,2070.99799421,1250.0,2019.9137344,2042.46030891,1659.64286289,2266.63221286,2104.16226098,2038.11372194,1938.39831827
1980-03-31,2066.10814268,2119.039363,2070.99799421,1250.0,2031.16015009,2042.46030891,1659.64286289,2266.63221286,2104.16226098,2052.40971625,1944.42058195
1980-04-08,2066.10814268,2119.039363,2070.99799421,1289.27072575,2031.16015009,2042.46030891,1659.64286289,2266.63221286,2104.16226098,2052.40971625,1944.42058195
1980-04-19,2066.10814268,2119.039363,2070.99799421,1289.27072575,2031.16015009,2055.04754211,1659.64286289,2266.63221286,2104.16226098,2052.40971625,1944.42058195
1980-04-27,2074.53805784,2119.039363,2070.99799421,1289.27072575,2031.16015009,2055.04754211,1659.64286289,2266.63221286,2104.16226098,2052.40971625,1944.42058195
1980-05-03,2074.53805784,2119.039363,2070.99799421,1289.27072575,2031.16015009,2055.04754211,1659.64286289,2266.63221286,2104.16226098,2052.40971625,1959.95555049
1980-05-04,2074.53805784,2119.039363,2070.99799421,1289.27072575,2031.16015009,2055.04754211,1690.73541951,2266.63221286,2104.16226098,2052.40971625,1959.95555049
1980-05-17,2074.53805784,2119.039363,2070.99799421,1289.27072575,2031.16015009,2063.19927994,1690.73541951,2266.63221286,2104.16226098,2052.40971625,1959.95555049
1980-05-20,2074.53805784,2119.039363,2070.99799421,1343.24041626,2031.16015009,2063.19927994,1690.73541951,2266.63221286,2104.16226098,2052.40971625,1959.95555049
1980-06-20,2074.53805784,2119.039363,2070.99799421,1343.24041626,2031.16015009,2063.19927994,1690.73541951,2266.63221286,2125.4656655,2031.10631174,1959.95555049
1980-07-07,2074.53805784,2119.039363,2070.99799421,1343.24041626,2037.01649512,2063.19927994,1690.73541951,2266.63221286,2125.4656655,2031.10631174,1959.95555049
1980-07-18,2074.53805784,2119.039363,2070.99799421,1373.72011181,2037.01649512,2063.19927994,1690.73541951,2266.63221286,2125.4656655,2031.10631174,1959.95555049
1980-08-02,2074.53805784,2074.65318775,2070.99799421,1373.72011181,2037.01649512,2063.19927994,1701.52962169,2266.63221286,2125.4656655,2031.10631174,2002.70331739
1980-08-09,2082.11801408,2074.65318775,2070.99799421,1373.72011181,2037.01649512,2063.19927994,1701.52962169,2266.63221286,2125.4656655,2031.10631174,2002.70331739
1980-09-05,2082.11801408,2074.65318775,2070.99799421,1400.61399148,2037.01649512,2063.19927994,1701.52962169,2266.63221286,2125.4656655,2031.10631174,2002.70331739
1980-09-22,2082.11801408,2074.65318775,2070.99799421,1418.9938443,2037.01649512,2063.19927994,1701.52962169,2266.63221286,2125.4656655,2031.10631174,2002.70331739
1980-09-27,2082.11801408,2074.65318775,2070.99799421,1418.9938443,2037.01649512,2087.89065598,1701.52962169,2266.63221286,2125.4656655,2031.10631174,2002.70331739
1980-10-02,2082.11801408,2074.65318775,2070.99799421,1418.9938443,2076.49033292,2087.89065598,1701.52962169,2227.15837507,2125.4656655,2031.10631174,2002.70331739
1980-10-13,2082.11801408,2074.65318775,2070.99799421,1449.65160101,2076.49033292,2087.89065598,1701.52962169,2227.15837507,2125.4656655,2031.10631174,2002.70331739
1980-10-18,2082.11801408,2074.65318775,2070.99799421,1449.65160101,2076.49033292,2087.89065598,1751.2922372,2227.15837507,2125.4656655,2031.10631174,2002.70331739
1980-11-14,2092.90947731,2074.65318775,2070.99799421,1449.65160101,2076.49033292,2087.89065598,1751.2922372,2227.15837507,2125.4656655,2031.10631174,2002.70331739
1980-11-25,2092.90947731,2074.65318775,2070.99799421,1449.65160101,2076.49033292,2087.89065598,1751.2922372,2227.15837507,2093.83811797,2062.73385926,2002.70331739
1980-11-26,2092.90947731,2074.65318775,2070.99799421,1464.77528277,2076.49033292,2087.89065598,1751.2922372,2227.15837507,2093.83811797,2062.73385926,2002.70331739
1980-12-06,2092.90947731,2074.65318775,2070.99799421,1464.77528277,2076.49033292,2087.89065598,1751.2922372,2227.15837507,2093.83811797,2062.73385926,2006.50345357
1980-12-15,2092.90947731,2074.65318775,2070.99799421,1480.21000587,2076.49033292,2087.89065598,1751.2922372,2227.15837507,2093.83811797,2062.73385926,2006.50345357
1980-12-20,2092.90947731,2074.65318775,2071.224848,1480.21000587,2076.49033292,2087.89065598,1751.2922372,2227.15837507,2093.83811797,2062.73385926,2006.50345357
1981-01-17,2092.90947731,2074.65318775,2071.82277946,1480.21000587,2076.49033292,2097.39111765,1751.2922372,2227.15837507,2093.83811797,2062.73385926,2006.50345357
1981-01-24,2092.90947731,2074.65318775,2071.82277946,1480.21000587,2076.49033292,2097.39111765,1763.98813803,2227.15837507,2093.83811797,2062.73385926,2006.50345357
1981-02-02,2092.90947731,2074.65318775,2071.82277946,1495.06217236,2076.49033292,2097.39111765,1763.98813803,2227.15837507,2093.83811797,2062.73385926,2006.50345357
1981-02-07,2095.38629226,2074.65318775,2071.82277946,1495.06217236,2076.49033292,2097.39111765,1763.98813803,2227.15837507,2093.83811797,2062.73385926,2006.50345357
1981-02-08,2095.38629226,2074.65318775,2073.31785884,1495.06217236,2076.49033292,2097.39111765,1763.98813803,2227.15837507,2093.83811797,2062.73385926,2006.50345357
1981-03-04,2095.38629226,2074.65318775,2073.31785884,1502.69065814,2076.49033292,2097.39111765,1763.98813803,2227.15837507,2093.83811797,2062.73385926,2006.50345357
1981-03-28,2095.38629226,2074.65318775,2074.47287252,1502.69065814,2076.49033292,2097.39111765,1805.11113691,2227.15837507,2093.83811797,2070.17259708,2006.50345357
1981-04-11,2095.38629226,2074.65318775,2074.47287252,1502.69065814,2081.53931868,2097.39111765,1805.11113691,2227.15837507,2093.83811797,2070.17259708,2006.50345357
1981-04-25,2095.38629226,2074.65318775,2074.47287252,1502.69065814,2081.53931868,2097.39111765,1805.11113691,2227.15837507,2093.83811797,2070.17259708,2015.43051171
1981-05-08,2095.38629226,2074.65318775,2074.47287252,1520.96687446,2081.53931868,2097.39111765,1805.11113691,2227.15837507,2093.83811797,2070.17259708,2015.43051171
1981-05-23,2095.38629226,2074.65318775,2080.56378016,1520.96687446,2081.53931868,2097.39111765,1805.11113691,2227.15837507,2093.83811797,2070.17259708,2015.43051171
1981-06-05,2095.38629226,2074.65318775,2080.56378016,1531.17819567,2081.53931868,2097.39111765,1805.11113691,2227.15837507,2093.83811797,2070.17259708,2015.43051171
1981-06-12,2095.38629226,2074.65318775,2080.56378016,1531.17819567,2087.40938329,2097.39111765,1805.11113691,2227.15837507,2093.83811797,2070.17259708,2015.43051171
1981-06-13,2095.38629226,2074.65318775,2080.56378016,1531.17819567,2087.40938329,2112.41896692,1805.11113691,2227.15837507,2093.83811797,2070.17259708,2015.43051171
1981-06-20,2112.09473324,2074.65318775,2080.56378016,1531.17819567,2087.40938329,2112.41896692,1805.11113691,2227.15837507,2093.83811797,2070.17259708,2015.43051171
1981-06-21,2112.09473324,2074.65318775,2083.41175512,1531.17819567,2087.40938329,2112.41896692,1805.11113691,2227.15837507,2093.83811797,2070.17259708,2015.43051171
1981-06-25,2112.09473324,2074.65318775,2083.41175512,1531.17819567,2087.40938329,2112.41896692,1805.11113691,2227.15837507,2093.83811797,2094.47027366,2017.4420891
1981-06-26,2112.09473324,2074.65318775,2083.41175512,1540.88200698,2087.40938329,2112.41896692,1805.11113691,2227.15837507,2093.83811797,2094.47027366,2017.4420891
1981-07-10,2112.09473324,2074.65318775,2083.41175512,1566.96213708,2087.40938329,2112.41896692,1805.11113691,2227.15837507,2093.83811797,2094.47027366,2017.4420891
1981-07-18,2112.09473324,2074.65318775,2083.41175512,1566.96213708,2087.40938329,2112.41896692,1850.13435835,2227.15837507,2093.83811797,2094.47027366,2017.4420891
1981-07-27,2112.09473324,2074.65318775,2083.41175512,1577.26432036,2087.40938329,2112.41896692,1850.13435835,2227.15837507,2093.83811797,2094.47027366,2017.4420891
1981-08-07,2112.09473324,2074.65318775,2083.41175512,1581.79261739,2087.40938329,2112.41896692,1850.13435835,2227.15837507,2093.83811797,2094.47027366,2017.4420891
1981-08-09,2112.09473324,2074.65318775,2083.41175512,1581.79261739,2087.40938329,2112.41896692,1850.13435835,2227.15837507,2098.77846938,2094.47027366,2017.4420891
1981-08-31,2112.09473324,2074.65318775,2083.41175512,1590.36723559,2087.40938329,2112.41896692,1850.13435835,2227.15837507,2098.77846938,2094.47027366,2017.4420891
1981-09-16,2112.09473324,2074.65318775,2083.41175512,1590.36723559,2087.40938329,2112.41896692,1850.13435835,2227.15837507,2098.77846938,2114.01671192,1997.89565084
1981-09-25,2112.09473324,2074.65318775,2083.41175512,1638.22147249,2087.40938329,2112.41896692,1850.13435835,2227.15837507,2098.77846938,2114.01671192,1997.89565084
1981-09-26,2112.09473324,2074.65318775,2083.41175512,1638.22147249,2087.40938329,2112.41896692,1850.13435835,2227.15837507,2107.08677136,2114.01671192,1997.89565084
1981-10-03,2117.2633509,2074.65318775,2083.41175512,1638.22147249,2087.40938329,2123.23419464,1850.13435835,2227.15837507,2107.08677136,2114.01671192,1997.89565084
1981-10-19,2117.2633509,2074.65318775,2083.41175512,1643.47105151,2087.40938329,2123.23419464,1850.13435835,2227.15837507,2107.08677136,2114.01671192,1997.89565084
1981-10-31,2117.2633509,2074.65318775,2083.83284772,1643.47105151,2087.40938329,2123.23419464,1850.13435835,2227.15837507,2107.08677136,2114.01671192,1997.89565084
1981-11-06,2117.2633509,2074.65318775,2083.83284772,1643.47105151,2095.7691173,2123.23419464,1850.13435835,2227.15837507,2107.08677136,2114.01671192,1997.89565084
1981-11-07,2117.2633509,2074.65318775,2083.83284772,1643.47105151,2095.7691173,2123.23419464,1870.42791909,2227.15837507,2107.08677136,2114.01671192,1997.89565084
1981-11-21,2120.41516936,2074.65318775,2083.83284772,1643.47105151,2095.7691173,2123.23419464,1870.42791909,2227.15837507,2107.08677136,2114.01671192,1997.89565084
1981-12-04,2120.41516936,2081.99851461,2083.83284772,1643.47105151,2095.7691173,2123.23419464,1870.42791909,2227.15837507,2107.08677136,2114.01671192,1997.89565084
1981-12-11,2120.41516936,2081.99851461,2083.83284772,1643.47105151,2095.7691173,2123.23419464,1870.42791909,2179.51883054,2107.08677136,2114.01671192,2008.78786116
1981-12-17,2120.41516936,2081.99851461,2083.83284772,1665.83439606,2095.7691173,2123.23419464,1870.42791909,,2107.08677136,2114.01671192,2008.78786116
1982-01-02,2120.41516936,2086.39864342,2083.83284772,1665.83439606,2095.7691173,2123.23419464,1870.42791909,,2107.08677136,2114.01671192,2008.78786116
1982-01-12,2120.41516936,2086.39864342,2083.83284772,1670.63967354,2095.7691173,2123.23419464,1870.42791909,,2107.08677136,2114.01671192,2008.78786116
1982-01-29,2120.41516936,2086.39864342,2083.83284772,1679.77306359,2095.7691173,2123.23419464,1870.42791909,,2107.08677136,2114.01671192,2008.78786116
1982-01-30,2120.41516936,2086.39864342,2083.83284772,1679.77306359,2095.7691173,2123.23419464,1870.42791909,,2079.17291432,2114.01671192,2008.78786116
1982-02-02,2120.41516936,2086.39864342,2087.5652286,1679.77306359,2095.7691173,2123.23419464,1870.42791909,,2079.17291432,2114.01671192,2008.78786116
1982-02-04,2120.41516936,2086.39864342,2087.5652286,1684.37624011,2095.7691173,2123.23419464,1870.42791909,,2079.17291432,2114.01671192,2008.78786116
1982-02-13,2124.04027001,2086.39864342,2087.5652286,1684.37624011,2095.7691173,2123.23419464,1913.886529,,2079.17291432,2114.01671192,2008.78786116
1982-02-15,2124.04027001,2086.39864342,2087.5652286,1684.37624011,2095.7691173,2123.23419464,1913.886529,,2079.17291432,2119.63190351,2008.78786116
1982-02-19,2124.04027001,2086.39864342,2087.5652286,1688.90852062,2095.7691173,2123.23419464,1913.886529,,2079.17291432,2119.63190351,2008.78786116
1982-02-27,2124.04027001,2086.39864342,2087.5652286,1688.90852062,2095.7691173,2123.23419464,1913.886529,,2079.17291432,2119.63190351,2017.70111667
1982-03-07,2124.04027001,2086.39864342,2087.5652286,1688.90852062,2095.7691173,2126.67375989,1913.886529,,2079.17291432,2119.63190351,2017.70111667
1982-03-11,2124.04027001,2086.39864342,2087.5652286,1694.25366587,2095.7691173,2126.67375989,1913.886529,,2079.17291432,2119.63190351,2017.70111667
1982-04-11,2124.04027001,2086.39864342,2087.5652286,1694.25366587,2095.7691173,2126.67375989,1932.37008123,,2079.17291432,2119.63190351,2017.70111667
1982-04-26,2124.04027001,2086.39864342,2102.02279931,1700.77981486,2095.7691173,2126.67375989,1932.37008123,,2079.17291432,2119.63190351,2017.70111667
1982-05-08,2124.04027001,2086.39864342,2102.02279931,1707.18604336,2095.7691173,2126.67375989,1932.37008123,,2079.17291432,2119.63190351,2017.70111667
1982-05-22,2130.39575861,2086.39864342,2102.02279931,1707.18604336,2095.7691173,2126.67375989,1932.37008123,,2079.17291432,2119.63190351,2017.70111667
1982-06-11,2130.39575861,2086.39864342,2102.02279931,1707.18604336,2107.79340727,2126.67375989,1932.37008123,,2079.17291432,2119.63190351,2017.70111667
1982-06-12,2130.39575861,2086.39864342,2102.02279931,1707.18604336,2107.79340727,2126.67375989,1951.02585925,,2079.17291432,2119.63190351,2017.70111667
1982-07-17,2130.39575861,2086.39864342,2123.73524928,1707.18604336,2107.79340727,2126.67375989,1951.02585925,,2079.17291432,2119.63190351,2017.70111667
1982-07-19,2130.39575861,2086.39864342,2123.73524928,1718.73428787,2107.79340727,2126.67375989,1951.02585925,,2079.17291432,2119.63190351,2017.70111667
1982-07-25,2130.39575861,2086.39864342,2123.73524928,1718.73428787,2107.79340727,2126.67375989,1951.02585925,,2079.17291432,2119.63190351,2021.90374344
1982-07-31,2133.27586254,2086.39864342,2123.73524928,1718.73428787,2107.79340727,2126.67375989,1951.02585925,,2079.17291432,2119.63190351,2021.90374344
1982-08-20,2133.27586254,2086.39864342,2123.73524928,1721.24811028,2107.79340727,2126.67375989,1951.02585925,,2079.17291432,2119.63190351,2021.90374344
1982-09-04,2133.27586254,2086.39864342,2123.73524928,1721.24811028,2107.79340727,2126.67375989,1951.02585925,,2034.16266819,2119.63190351,2021.90374344
1982-09-18,2133.27586254,2086.39864342,2123.73524928,1721.24811028,2107.79340727,2126.67375989,1954.89110493,,2034.16266819,2119.63190351,2021.90374344
1982-09-28,2133.27586254,2086.39864342,2123.73524928,1723.61648792,2107.79340727,2126.67375989,1954.89110493,,2034.16266819,2119.63190351,2021.90374344
1982-10-23,2133.27586254,2086.39864342,2123.73524928,1729.97511499,2107.79340727,2126.67375989,1954.89110493,,2034.16266819,2119.63190351,2021.90374344
1982-10-30,2133.27586254,2086.39864342,2123.73524928,1729.97511499,2107.79340727,2136.75312191,1954.89110493,,2034.16266819,2119.63190351,2021.90374344
1982-11-12,2096.01703768,2086.39864342,2123.73524928,1729.97511499,2107.79340727,2136.75312191,1954.89110493,,2038.87458888,2119.63190351,2021.90374344
1982-11-26,2096.01703768,2086.39864342,2123.73524928,1729.97511499,2112.7611078,2136.75312191,1954.89110493,,2038.87458888,2119.63190351,2021.90374344
1982-12-03,2096.01703768,2086.39864342,2123.73524928,1729.97511499,2112.7611078,2136.75312191,1954.89110493,,2038.87458888,2119.63190351,2052.04038688
1982-12-11,2096.01703768,2086.39864342,2123.73524928,1735.85401462,2112.7611078,2136.75312191,1954.89110493,,2038.87458888,2119.63190351,2052.04038688
1983-01-29,2096.01703768,2086.39864342,2128.32122014,1735.85401462,2112.7611078,2136.75312191,1954.89110493,,2059.55699388,2119.63190351,2052.04038688
1983-02-11,2096.01703768,2086.39864342,2128.32122014,1735.85401462,2112.7611078,2150.6365257,1954.89110493,,2059.55699388,2119.63190351,2052.04038688
1983-02-25,2096.01703768,2086.39864342,2128.32122014,1740.1299754,2112.7611078,2150.6365257,1954.89110493,,2059.55699388,2119.63190351,2052.04038688
1983-02-26,2100.15328291,2086.39864342,2128.32122014,1740.1299754,2112.7611078,2150.6365257,1954.89110493,,2059.55699388,2119.63190351,2052.04038688
1983-03-18,2100.15328291,2086.39864342,2128.32122014,1740.1299754,2112.7611078,2150.6365257,1987.40424472,,2059.55699388,2119.63190351,2052.04038688
1983-03-26,2100.15328291,2087.20296504,2128.32122014,1740.1299754,2112.7611078,2150.6365257,1987.40424472,,2059.55699388,2119.63190351,2052.04038688
1983-03-27,2100.15328291,2087.20296504,2128.32122014,1740.1299754,2125.07798695,2150.6365257,1987.40424472,,2059.55699388,2119.63190351,2052.04038688
1983-04-04,2100.15328291,2087.20296504,2128.32122014,1743.91100097,2125.07798695,2150.6365257,1987.40424472,,2059.55699388,2119.63190351,2052.04038688
1983-04-24,2108.00406132,2087.20296504,2128.32122014,1743.91100097,2125.07798695,2150.6365257,1987.40424472,,2059.55699388,2119.63190351,2052.04038688
1983-05-01,2108.00406132,2087.20296504,2128.32122014,1745.92391228,2125.07798695,2150.6365257,1987.40424472,,2059.55699388,2119.63190351,2052.04038688
1983-05-20,2108.00406132,2087.20296504,2128.32122014,1745.92391228,2129.01587758,2150.6365257,1987.40424472,,2059.55699388,2119.63190351,2052.04038688
1983-05-27,2108.00406132,2087.20296504,2128.32122014,1745.92391228,2129.01587758,2155.54117853,1987.40424472,,2059.55699388,2119.63190351,2052.04038688
1983-06-15,2108.00406132,2087.20296504,2128.32122014,1750.16590795,2129.01587758,2155.54117853,1987.40424472,,2059.55699388,2119.63190351,2052.04038688
1983-06-16,2108.00406132,2087.20296504,2098.43684738,1750.16590795,2129.01587758,2155.54117853,1987.40424472,,2089.44136664,2119.63190351,2052.04038688
1983-07-10,2108.00406132,2087.20296504,2098.43684738,1750.16590795,2129.01587758,2155.54117853,1987.40424472,,2089.44136664,2119.63190351,2059.33395233
1983-07-16,2108.00406132,2087.20296504,2098.43684738,1754.23746738,2129.01587758,2155.54117853,1987.40424472,,2089.44136664,2119.63190351,2059.33395233
1983-07-30,2108.00406132,2090.32596078,2098.43684738,1754.23746738,2129.01587758,2155.54117853,1987.40424472,,2089.44136664,2119.63190351,2059.33395233
1983-09-01,2108.00406132,2090.32596078,2098.43684738,1776.73226361,2129.01587758,2155.54117853,1987.40424472,,2089.44136664,2119.63190351,2059.33395233
1983-09-09,2076.34124998,2090.32596078,2098.43684738,1776.73226361,2129.01587758,2155.54117853,1987.40424472,,2089.44136664,2119.63190351,2059.33395233
1983-09-10,2076.34124998,2090.32596078,2098.43684738,1776.73226361,2132.46526147,2155.54117853,1987.40424472,,2089.44136664,2119.63190351,2059.33395233
1983-11-10,2076.34124998,2090.32596078,2098.43684738,1776.73226361,2132.46526147,2175.84148066,1987.40424472,,2069.14106451,2119.63190351,2059.33395233
1983-11-25,2076.34124998,2090.32596078,2098.43684738,1776.73226361,2135.48748481,2175.84148066,1996.69113379,,2069.14106451,2119.63190351,2059.33395233
1983-12-09,2076.34124998,2042.65342965,2098.43684738,1776.73226361,2135.48748481,2175.84148066,1996.69113379,,2069.14106451,2119.63190351,2059.33395233
1983-12-30,2076.34124998,2042.65342965,2098.43684738,1779.32453222,2135.48748481,2175.84148066,1996.69113379,,2069.14106451,2119.63190351,2059.33395233
1984-02-03,2076.34124998,2042.65342965,2098.54682207,1779.32453222,2135.48748481,2175.84148066,1996.69113379,,2069.14106451,2119.63190351,2059.33395233
1984-02-11,2076.34124998,2042.65342965,2098.54682207,1779.32453222,2135.48748481,2175.84148066,1996.69113379,,2069.14106451,2119.63190351,2076.79284905
1984-02-25,2076.34124998,2042.65342965,2098.54682207,1779.32453222,2135.48748481,2175.84148066,2007.23436325,,2069.14106451,2119.63190351,2076.79284905
1984-03-14,2076.34124998,2042.65342965,2099.75273926,1779.32453222,2135.48748481,2175.84148066,2007.23436325,,2069.14106451,2119.63190351,2076.79284905
1984-03-30,2076.34124998,2042.65342965,2099.75273926,1779.32453222,2135.48748481,2187.53623265,2007.23436325,,2069.14106451,2119.63190351,2076.79284905
1984-05-04,2076.34124998,2042.65342965,2099.75273926,1784.73219939,2135.48748481,2187.53623265,2007.23436325,,2069.14106451,2119.63190351,2076.79284905
1984-05-11,2076.34124998,2042.65342965,2099.75273926,1784.73219939,2135.48748481,2187.53623265,2007.23436325,,2069.14106451,2120.12031891,2076.79284905
1984-06-13,2076.34124998,2042.65342965,2099.75273926,1791.44057284,2135.48748481,2187.53623265,2007.23436325,,2069.14106451,2120.12031891,2076.79284905
1984-06-15,2076.34124998,2042.65342965,2099.75273926,1791.44057284,2135.48748481,2187.53623265,2007.23436325,,2044.69156566,2120.12031891,2101.24234789
1984-07-14,2076.34124998,2042.65342965,2119.96334291,1791.44057284,2135.48748481,2187.53623265,2007.23436325,,2044.69156566,2120.12031891,2101.24234789
1984-09-13,2076.34124998,2042.65342965,2119.96334291,1835.68855805,2135.48748481,2187.53623265,2007.23436325,,2044.69156566,2120.12031891,2101.24234789
1984-09-15,2076.34124998,2042.65342965,2119.96334291,1835.68855805,2135.48748481,2187.53623265,2007.23436325,,2044.69156566,2120.12031891,2111.05789753
1984-10-19,2076.34124998,2042.65342965,2119.96334291,1835.68855805,2135.48748481,2199.11775515,2007.23436325,,2044.69156566,2120.12031891,2111.05789753
1984-11-09,2076.34124998,2042.65342965,2119.96334291,1835.68855805,2137.41818466,2199.11775515,2007.23436325,,2044.69156566,2120.12031891,2111.05789753
1984-12-10,2076.34124998,2042.65342965,2079.71254051,1835.68855805,2137.41818466,2199.11775515,2007.23436325,,2044.69156566,2120.12031891,2111.05789753
1985-01-01,2076.34124998,2042.65342965,2079.71254051,1841.30088674,2137.41818466,2199.11775515,2007.23436325,,2044.69156566,2120.12031891,2111.05789753
1985-02-23,2076.34124998,2042.65342965,2079.71254051,1841.30088674,2137.41818466,2199.11775515,2012.00570332,,2044.69156566,2120.12031891,2111.05789753
1985-03-15,2076.34124998,2042.65342965,2079.71254051,1841.30088674,2140.24122535,2199.11775515,2012.00570332,,2044.69156566,2120.12031891,2111.05789753
1985-04-15,2076.34124998,2042.65342965,2079.71254051,1841.30088674,2140.24122535,2217.9136252,2012.00570332,,2044.69156566,2120.12031891,2092.26202748
1985-04-19,2076.34124998,2042.65342965,2079.71254051,1872.63577021,2140.24122535,2217.9136252,2012.00570332,,2044.69156566,2120.12031891,2092.26202748
1985-05-20,2076.34124998,2042.65342965,2079.71254051,1872.63577021,2142.20150255,2217.9136252,2012.00570332,,2044.69156566,2120.12031891,2092.26202748
1985-06-06,2076.34124998,2042.65342965,2079.71254051,1872.63577021,2142.20150255,2217.9136252,2015.92811606,,2044.69156566,2120.12031891,2092.26202748
1985-07-07,2076.34124998,2042.65342965,2079.71254051,1900.1045763,2142.20150255,2217.9136252,2015.92811606,,2044.69156566,2120.12031891,2092.26202748
1985-09-21,2076.34124998,2042.65342965,2079.71254051,1904.00737625,2108.49540235,2217.9136252,2049.63421626,,2044.69156566,2120.12031891,2092.26202748
1985-10-25,2079.071811,2042.65342965,2079.71254051,1904.00737625,2108.49540235,2217.9136252,2049.63421626,,2044.69156566,2120.12031891,2092.26202748
1985-12-19,2079.071811,2042.65342965,2079.71254051,1910.41245533,2108.49540235,2217.9136252,2049.63421626,,2044.69156566,2120.12031891,2092.26202748
1986-01-31,2079.071811,2042.65342965,2079.71254051,1910.41245533,2108.49540235,2217.9136252,2049.63421626,,2044.97785858,2120.12031891,2092.26202748
1986-02-09,2087.67854172,2042.65342965,2079.71254051,1910.41245533,2108.49540235,2217.9136252,2049.63421626,,2044.97785858,2120.12031891,2092.26202748
1986-03-10,2087.67854172,2042.65342965,2079.71254051,1910.41245533,2108.49540235,2224.146379,2049.63421626,,2044.97785858,2120.12031891,2099.62137178
1986-03-22,2087.67854172,2042.65342965,2079.71254051,1910.73356474,2108.49540235,2224.146379,2049.63421626,,2044.97785858,2120.12031891,2099.62137178
1986-04-04,2087.67854172,2042.65342965,2081.15662662,1910.73356474,2108.49540235,2224.146379,2049.63421626,,2044.97785858,2120.12031891,2099.62137178
1986-04-18,2087.67854172,2042.65342965,2081.15662662,1910.73356474,2108.49540235,2224.146379,2049.63421626,,2045.26209678,2120.12031891,2099.62137178
1986-04-19,2087.67854172,2042.65342965,2081.15662662,1910.73356474,2079.30006093,2224.146379,2078.82955768,,2045.26209678,2120.12031891,2099.62137178
1986-05-15,2087.67854172,2042.65342965,2081.15662662,1929.86975197,2079.30006093,2224.146379,2078.82955768,,2045.26209678,2120.12031891,2099.62137178
1986-06-13,2087.67854172,2042.65342965,2081.15662662,1949.17839365,2079.30006093,2224.146379,2078.82955768,,2045.26209678,2120.12031891,2099.62137178
1986-06-23,2087.67854172,2042.65342965,2081.15662662,1949.17839365,2079.30006093,2224.146379,2078.82955768,,2003.89321115,2120.12031891,2105.14654872
1986-08-03,2087.67854172,2042.65342965,2081.15662662,1977.77534173,2079.30006093,2224.146379,2078.82955768,,2003.89321115,2120.12031891,2105.14654872
1986-08-24,2087.67854172,2042.65342965,2040.12190595,1977.77534173,2079.30006093,2224.146379,2078.82955768,,2003.89321115,2120.12031891,2105.14654872
1986-09-06,2087.67854172,2042.65342965,2040.12190595,1977.77534173,2079.30006093,2224.146379,2085.65326599,,2003.89321115,2120.12031891,2105.14654872
1986-10-17,2087.67854172,2042.65342965,2040.12190595,1977.77534173,2079.30006093,2224.146379,2085.65326599,,2003.89321115,2120.12031891,2109.97488072
1986-12-12,2087.67854172,2042.65342965,2040.12190595,1993.02134484,2079.30006093,2224.146379,2085.65326599,,2003.89321115,2120.12031891,2109.97488072
1987-03-07,2087.67854172,2042.65342965,2040.12190595,1993.02134484,2079.30006093,2224.146379,2085.65326599,,2003.89321115,2120.12031891,2120.80554753
1987-03-11,2087.67854172,2042.65342965,2040.92047444,1993.02134484,2079.30006093,2224.146379,2085.65326599,,2003.89321115,2120.12031891,2120.80554753
1987-04-06,2087.67854172,2042.65342965,2000.53045527,1993.02134484,2079.30006093,2191.87703981,2085.65326599,,2003.89321115,2152.38965809,2120.80554753
1987-04-18,2087.67854172,2042.65342965,2000.53045527,2009.72763528,2079.30006093,,2085.65326599,,2003.89321115,2152.38965809,2120.80554753
1987-05-16,2087.67854172,2042.65342965,2000.53045527,2009.72763528,2079.30006093,,2085.65326599,,2005.87532418,2152.38965809,2120.80554753
1987-06-15,2087.67854172,2042.65342965,2000.53045527,2009.72763528,2079.30006093,,2100.16518541,,2005.87532418,2152.38965809,2120.80554753
1987-07-21,2087.67854172,2042.65342965,1955.47575573,2009.72763528,2079.30006093,,2100.16518541,,2005.87532418,2152.38965809,2120.80554753
1987-08-21,2087.67854172,2042.65342965,1955.47575573,2013.16727155,2079.30006093,,2100.16518541,,2005.87532418,2152.38965809,2120.80554753
1987-09-12,2087.67854172,2042.65342965,1955.47575573,2013.16727155,2079.30006093,,2100.16518541,,2017.72839772,2152.38965809,2120.80554753
1987-10-29,2087.67854172,2042.65342965,1955.47575573,2013.16727155,2079.30006093,,2100.16518541,,2017.72839772,2152.38965809,2141.13053862
1987-11-21,2087.67854172,2042.65342965,1955.47575573,2030.68505639,2079.30006093,,2100.16518541,,2017.72839772,2152.38965809,2141.13053862
1988-01-22,2087.67854172,2042.65342965,1955.47575573,2030.68505639,2047.85167636,,2100.16518541,,2017.72839772,2152.38965809,2141.13053862
1988-02-05,2087.67854172,2042.65342965,1955.47575573,2030.68505639,2047.85167636,,2100.16518541,,2025.40890419,2152.38965809,2141.13053862
1988-03-05,2087.67854172,2042.65342965,1955.47575573,2033.35981774,2047.85167636,,2100.16518541,,2025.40890419,2152.38965809,2141.13053862
1988-03-18,2087.67854172,2042.65342965,1956.53142443,2033.35981774,2047.85167636,,2100.16518541,,2025.40890419,2152.38965809,2141.13053862
1988-04-14,2087.67854172,2042.65342965,1956.53142443,2033.35981774,2047.85167636,,2100.16518541,,2027.44930758,2152.38965809,2141.13053862
1988-04-16,2087.67854172,2042.65342965,1956.53142443,2040.26194087,2047.85167636,,2100.16518541,,2027.44930758,2152.38965809,2141.13053862
1988-04-30,2087.67854172,2042.65342965,1957.66761899,2040.26194087,2047.85167636,,2100.16518541,,2027.44930758,2152.38965809,2141.13053862
1988-06-04,2087.67854172,2042.65342965,1957.66761899,2047.54527849,2047.85167636,,2100.16518541,,2027.44930758,2152.38965809,2141.13053862
1988-06-06,2087.67854172,2042.65342965,1957.66761899,2047.54527849,2047.85167636,,2100.16518541,,2027.44930758,2152.38965809,2099.10650097
1988-06-27,2087.67854172,2042.65342965,1957.66761899,2047.54527849,2047.85167636,,2071.20163085,,2027.44930758,2152.38965809,2099.10650097
1988-08-01,2087.67854172,2042.65342965,1957.66761899,2052.69365876,2047.85167636,,,,2027.44930758,2152.38965809,2099.10650097
1988-10-01,2087.67854172,2042.65342965,1957.66761899,2052.69365876,2047.85167636,,,,2029.12928843,2152.38965809,2099.10650097
1988-10-29,2087.67854172,2042.65342965,1957.66761899,2072.3424354,2047.85167636,,,,2029.12928843,2152.38965809,2099.10650097
1988-11-04,2087.67854172,2042.65342965,1957.66761899,2072.3424354,2047.85167636,,,,2029.12928843,2152.38965809,2106.02597126
1988-11-07,2087.67854172,2042.65342965,1957.66761899,2072.3424354,2047.85167636,,,,2029.12928843,2160.41327857,2106.02597126
1989-02-24,2087.67854172,2042.65342965,1957.66761899,2072.3424354,2047.85167636,,,,2046.23131899,2160.41327857,2106.02597126
1989-05-13,2087.67854172,2042.65342965,1957.66761899,2089.93458584,2047.85167636,,,,2046.23131899,2160.41327857,2106.02597126
1989-06-12,2087.67854172,2042.65342965,1957.66761899,2089.93458584,2047.85167636,,,,2046.23131899,2156.53145299,2109.90779683
1989-07-30,2087.67854172,2042.65342965,1957.66761899,2092.8576581,2047.85167636,,,,2046.23131899,2156.53145299,2109.90779683
1989-10-09,2087.67854172,2042.65342965,1957.66761899,2094.18931679,2047.85167636,,,,2046.23131899,2156.53145299,2109.90779683
1989-10-27,2087.67854172,2042.65342965,1957.66761899,2094.47837062,2047.85167636,,,,2046.23131899,2156.53145299,2109.90779683
1989-11-03,2087.67854172,2042.65342965,1888.86424572,2094.47837062,2047.85167636,,,,2046.23131899,2156.53145299,2109.90779683
1989-11-18,2087.67854172,2042.65342965,1888.86424572,2100.87248396,2047.85167636,,,,2046.23131899,2156.53145299,2109.90779683
1989-12-07,2087.67854172,2042.65342965,1888.86424572,2100.87248396,2047.85167636,,,,2028.9117406,2173.85103138,2109.90779683
1989-12-16,2087.67854172,2042.65342965,1888.86424572,2115.61842973,2047.85167636,,,,2028.9117406,2173.85103138,2109.90779683
1990-02-27,2087.67854172,2042.65342965,1815.25978959,2115.61842973,2047.85167636,,,,2028.9117406,2173.85103138,2109.90779683
1990-03-17,2087.67854172,2042.65342965,1815.25978959,2133.2126878,2047.85167636,,,,2028.9117406,2173.85103138,2109.90779683
1990-04-28,2087.67854172,2042.65342965,1815.25978959,2133.2126878,2047.85167636,,,,2028.9117406,2173.85103138,2115.50433124
1990-06-01,2087.67854172,2042.65342965,1817.37090431,2133.2126878,2047.85167636,,,,2028.9117406,2173.85103138,2115.50433124
1990-06-08,2087.67854172,2042.65342965,1753.30976576,2133.2126878,2047.85167636,,,,2028.9117406,2173.85103138,2115.50433124
1990-06-29,2087.67854172,2042.65342965,1681.97741111,2133.2126878,2047.85167636,,,,2028.9117406,2173.85103138,2115.50433124
1990-07-05,2087.67854172,2042.65342965,1681.97741111,2133.97649548,2047.85167636,,,,2028.9117406,2173.85103138,2115.50433124
1990-08-18,2087.67854172,2042.65342965,1681.97741111,2134.16092122,2047.85167636,,,,2028.9117406,2173.85103138,2115.50433124
1990-08-22,2087.67854172,2042.65342965,1611.38130856,2134.16092122,2047.85167636,,,,2028.9117406,2173.85103138,2115.50433124
1990-10-11,2087.67854172,2042.65342965,1541.0284863,2134.16092122,2047.85167636,,,,2028.9117406,2173.85103138,2115.50433124
1990-11-08,2087.67854172,2042.65342965,1541.0284863,2136.22895597,2047.85167636,,,,2028.9117406,2173.85103138,2115.50433124
1990-11-24,2087.67854172,2042.65342965,1477.75797787,2136.22895597,2047.85167636,,,,2028.9117406,2173.85103138,2115.50433124
1990-12-08,2087.67854172,2042.65342965,1477.75797787,2141.10915632,2047.85167636,,,,2028.9117406,2173.85103138,2115.50433124
1990-12-10,2087.67854172,2042.65342965,1394.57147076,2141.10915632,2047.85167636,,,,2028.9117406,2173.85103138,2115.50433124
1990-12-16,2087.67854172,2042.65342965,1312.69768151,2141.10915632,2047.85167636,,,,2028.9117406,2173.85103138,2115.50433124
1991-02-09,2087.67854172,2042.65342965,1312.69768151,2141.10915632,2047.85167636,,,,2028.9117406,2131.92941573,2115.50433124
1991-02-11,2087.67854172,2042.65342965,1312.69768151,2141.10915632,2047.85167636,,,,2028.9117406,2131.92941573,2116.6210113
1991-03-18,2087.67854172,2042.65342965,1312.69768151,2146.45649242,2047.85167636,,,,1982.13731474,2131.92941573,2116.6210113
1991-03-24,2087.67854172,2042.65342965,1256.15919794,2146.45649242,2047.85167636,,,,1982.13731474,2131.92941573,2116.6210113
1991-04-06,2087.67854172,2042.65342965,1256.15919794,2146.45649242,2047.85167636,,,,1982.13731474,2131.92941573,2117.08499616
1991-04-07,2087.67854172,2042.65342965,1256.15919794,2146.45649242,2048.53280283,,,,1982.13731474,2131.92941573,2117.08499616
1991-04-10,2087.67854172,2042.65342965,1198.14689816,2146.45649242,2048.53280283,,,,1982.13731474,2131.92941573,2117.08499616
1991-04-26,2087.67854172,2042.65342965,1198.14689816,2147.74183305,2048.53280283,,,,1982.13731474,2131.92941573,2117.08499616
1991-06-03,2087.67854172,2042.65342965,1198.14689816,2147.74183305,2048.53280283,,,,1982.13731474,2131.92941573,2132.91191515
1991-08-03,2087.67854172,2042.65342965,1248.41357842,2147.74183305,2048.53280283,,,,1982.13731474,2131.92941573,2132.91191515
1991-08-13,2087.67854172,2042.65342965,1248.41357842,2147.74183305,2049.37166591,,,,1982.13731474,2131.92941573,2132.91191515
1991-08-24,2087.67854172,2042.65342965,1248.41357842,2147.74183305,2052.51194739,,,,1982.13731474,2131.92941573,2132.91191515
1991-09-14,2087.67854172,2042.65342965,1248.41357842,2152.54406706,2052.51194739,,,,1982.13731474,2131.92941573,2132.91191515
1991-09-17,2087.67854172,2042.65342965,1248.41357842,2152.54406706,2053.44677874,,,,1982.13731474,2131.92941573,2132.91191515
1991-10-10,2087.67854172,2042.65342965,1216.23002693,2152.54406706,2053.44677874,,,,1982.13731474,2131.92941573,2132.91191515
1991-11-01,2087.67854172,2042.65342965,1156.15127511,2152.54406706,2053.44677874,,,,1982.13731474,2131.92941573,2132.91191515
1991-11-11,2087.67854172,2042.65342965,1156.15127511,2156.24194012,2053.44677874,,,,1982.13731474,2131.92941573,2132.91191515
1991-11-12,2087.67854172,2042.65342965,1156.15127511,2156.24194012,2054.10100662,,,,1982.13731474,2131.92941573,2132.91191515
1991-11-26,2087.67854172,2042.65342965,1112.42832197,2156.24194012,2054.10100662,,,,1982.13731474,2131.92941573,2132.91191515
1991-12-06,2087.67854172,2042.65342965,1172.52685829,2156.24194012,2054.10100662,,,,1982.13731474,2131.92941573,2132.91191515
1991-12-13,2087.67854172,2042.65342965,1172.52685829,2156.94197424,2054.10100662,,,,1982.13731474,2131.92941573,2132.91191515
